<?xml version="1.0" encoding="UTF-8"?>
<DocSetNodes version="1.0">
  <TOC>
    <Node>
      <Name>Root</Name>
      <Path>index.html</Path>
      <Subnodes>
       <Node>
        <Name>Plausible Crash Reporter</Name>
        <Path>index.html</Path>
        <Subnodes>
         <Node>
          <Name>Introduction</Name>
          <Path>index.html</Path>
          <Anchor>intro_sec</Anchor>
         </Node>
         <Node>
          <Name>Crash Report Format</Name>
          <Path>index.html</Path>
          <Anchor>intro_encoding</Anchor>
         </Node>
         <Node>
          <Name>Documentation Sections</Name>
          <Path>index.html</Path>
          <Anchor>doc_sections</Anchor>
         </Node>
         <Node>
          <Name>Example iPhone Usage</Name>
          <Path>example_usage_iphone.html</Path>
         </Node>
         <Node>
          <Name>Error Handling Programming Guide</Name>
          <Path>error_handling.html</Path>
          <Subnodes>
           <Node>
            <Name>Error Domains, Codes, and User Info</Name>
            <Path>error_handling.html</Path>
            <Anchor>error_domains</Anchor>
            <Subnodes>
             <Node>
              <Name>Crash Reporter Errors</Name>
              <Path>error_handling.html</Path>
              <Anchor>crashreporter_errors</Anchor>
             </Node>
            </Subnodes>
           </Node>
          </Subnodes>
         </Node>
         <Node>
          <Name>Async-Safe Programming Guide</Name>
          <Path>async_safety.html</Path>
          <Subnodes>
           <Node>
            <Name>Program Flow and Signal Handlers</Name>
            <Path>async_safety.html</Path>
            <Anchor>program_flow</Anchor>
           </Node>
           <Node>
            <Name>Async-Safe Functions</Name>
            <Path>async_safety.html</Path>
            <Anchor>functions</Anchor>
           </Node>
          </Subnodes>
         </Node>
        </Subnodes>
       </Node>
       <Node>
        <Name>Mach Exceptions on Mac OS X and iOS</Name>
        <Path>mach_exceptions.html</Path>
        <Subnodes>
         <Node>
          <Name>Compatibility Issues</Name>
          <Path>mach_exceptions.html</Path>
          <Anchor>mach_exceptions_compatibility</Anchor>
          <Subnodes>
           <Node>
            <Name>Debuggers</Name>
            <Path>mach_exceptions.html</Path>
            <Anchor>Debuggers</Anchor>
           </Node>
           <Node>
            <Name>Runtimes (Xamarin, Unity)</Name>
            <Path>mach_exceptions.html</Path>
            <Anchor>Managed</Anchor>
           </Node>
          </Subnodes>
         </Node>
         <Node>
          <Name>Mach Exceptions on iOS</Name>
          <Path>mach_exceptions.html</Path>
          <Anchor>mach_exceptions_ios</Anchor>
         </Node>
        </Subnodes>
       </Node>
       <Node>
        <Name>Deprecated List</Name>
        <Path>deprecated.html</Path>
       </Node>
       <Node>
        <Name>Modules</Name>
        <Path>modules.html</Path>
        <Subnodes>
         <Node>
          <Name>Crash Reporter Functions Reference</Name>
          <Path>group__functions.html</Path>
          <Subnodes>
           <Node>
            <Name>PLCrashReporterPostCrashSignalCallback</Name>
            <Path>group__functions.html</Path>
            <Anchor>ga5a33ad20c2496271ac05102e84fc05b8</Anchor>
           </Node>
          </Subnodes>
         </Node>
         <Node>
          <Name>Crash Reporter Data Types Reference</Name>
          <Path>group__types.html</Path>
          <Subnodes>
           <Node>
            <Name>PLCrashReportFileHeader</Name>
            <Path>struct_p_l_crash_report_file_header.html</Path>
            <Subnodes>
             <Node>
              <Name>data</Name>
              <Path>struct_p_l_crash_report_file_header.html</Path>
              <Anchor>a42960f93d09c45af7c7f0580dc507de1</Anchor>
             </Node>
             <Node>
              <Name>magic</Name>
              <Path>struct_p_l_crash_report_file_header.html</Path>
              <Anchor>ad087d56b33fc3edf39543a51218e339e</Anchor>
             </Node>
             <Node>
              <Name>version</Name>
              <Path>struct_p_l_crash_report_file_header.html</Path>
              <Anchor>ab007a5e6151eb6d93d4906852a87a896</Anchor>
             </Node>
            </Subnodes>
           </Node>
           <Node>
            <Name>PLCrashReporterCallbacks</Name>
            <Path>struct_p_l_crash_reporter_callbacks.html</Path>
            <Subnodes>
             <Node>
              <Name>context</Name>
              <Path>struct_p_l_crash_reporter_callbacks.html</Path>
              <Anchor>ae278c402f34ed99b39011833f11244af</Anchor>
             </Node>
             <Node>
              <Name>handleSignal</Name>
              <Path>struct_p_l_crash_reporter_callbacks.html</Path>
              <Anchor>a6ef2204e0154bbac923b626062d8d1fa</Anchor>
             </Node>
             <Node>
              <Name>version</Name>
              <Path>struct_p_l_crash_reporter_callbacks.html</Path>
              <Anchor>af5d0b441afb4835a0fdbbfd81ebe583c</Anchor>
             </Node>
            </Subnodes>
           </Node>
           <Node>
            <Name>PLCrashReporterCallbacks</Name>
            <Path>group__types.html</Path>
            <Anchor>ga9f26f0e7adf3ebc4aba058ca0c61fdf1</Anchor>
           </Node>
          </Subnodes>
         </Node>
         <Node>
          <Name>Crash Reporter Constants Reference</Name>
          <Path>group__constants.html</Path>
          <Subnodes>
           <Node>
            <Name>Enumerations</Name>
            <Path>group__enums.html</Path>
            <Subnodes>
             <Node>
              <Name>PLCrashReporterError</Name>
              <Path>group__enums.html</Path>
              <Anchor>ga7d15ba33a463831822dd62c603edb038</Anchor>
              <Subnodes>
               <Node>
                <Name>PLCrashReporterErrorUnknown</Name>
                <Path>group__enums.html</Path>
                <Anchor>gga7d15ba33a463831822dd62c603edb038a9215bbd1c646552bbafef6fed3b095e5</Anchor>
               </Node>
               <Node>
                <Name>PLCrashReporterErrorOperatingSystem</Name>
                <Path>group__enums.html</Path>
                <Anchor>gga7d15ba33a463831822dd62c603edb038aa5b0e9054c926657b6efaa5357b0b516</Anchor>
               </Node>
               <Node>
                <Name>PLCrashReporterErrorCrashReportInvalid</Name>
                <Path>group__enums.html</Path>
                <Anchor>gga7d15ba33a463831822dd62c603edb038a08813f7d479371f01e3bb64de8dcff3a</Anchor>
               </Node>
               <Node>
                <Name>PLCrashReporterErrorResourceBusy</Name>
                <Path>group__enums.html</Path>
                <Anchor>gga7d15ba33a463831822dd62c603edb038a8246f082c18a1c0bbb8f36d3214bce26</Anchor>
               </Node>
              </Subnodes>
             </Node>
             <Node>
              <Name>PLCrashReporterSignalHandlerType</Name>
              <Path>group__enums.html</Path>
              <Anchor>ga7935de0259f0e02240b707e1858b31d3</Anchor>
              <Subnodes>
               <Node>
                <Name>PLCrashReporterSignalHandlerTypeBSD</Name>
                <Path>group__enums.html</Path>
                <Anchor>gga7935de0259f0e02240b707e1858b31d3a817be0e59f06683a6ee29763ad51cc31</Anchor>
               </Node>
               <Node>
                <Name>PLCrashReporterSignalHandlerTypeMach</Name>
                <Path>group__enums.html</Path>
                <Anchor>gga7935de0259f0e02240b707e1858b31d3abf0ae8b2dd8834c85bfb6569e5e3109b</Anchor>
               </Node>
              </Subnodes>
             </Node>
             <Node>
              <Name>PLCrashReporterSymbolicationStrategy</Name>
              <Path>group__enums.html</Path>
              <Anchor>ga2fccc0cc55180dce6846a39a40c57ca8</Anchor>
              <Subnodes>
               <Node>
                <Name>PLCrashReporterSymbolicationStrategyNone</Name>
                <Path>group__enums.html</Path>
                <Anchor>gga2fccc0cc55180dce6846a39a40c57ca8ae1fa92b6cbcbf67f80dbfcd44ecc70f9</Anchor>
               </Node>
               <Node>
                <Name>PLCrashReporterSymbolicationStrategySymbolTable</Name>
                <Path>group__enums.html</Path>
                <Anchor>gga2fccc0cc55180dce6846a39a40c57ca8a54e8315e28940b88f23a52dc288f0591</Anchor>
               </Node>
               <Node>
                <Name>PLCrashReporterSymbolicationStrategyObjC</Name>
                <Path>group__enums.html</Path>
                <Anchor>gga2fccc0cc55180dce6846a39a40c57ca8aa5fc0b6c9a84583a42e711382e2d9d30</Anchor>
               </Node>
               <Node>
                <Name>PLCrashReporterSymbolicationStrategyAll</Name>
                <Path>group__enums.html</Path>
                <Anchor>gga2fccc0cc55180dce6846a39a40c57ca8a96dde52b86b35929df1271054be461b8</Anchor>
               </Node>
              </Subnodes>
             </Node>
             <Node>
              <Name>PLCrashReportTextFormat</Name>
              <Path>group__enums.html</Path>
              <Anchor>ga4f31b056a1c2760b5a0e13348c60973a</Anchor>
              <Subnodes>
               <Node>
                <Name>PLCrashReportTextFormatiOS</Name>
                <Path>group__enums.html</Path>
                <Anchor>gga4f31b056a1c2760b5a0e13348c60973aaf92b8c13331a2d58e182b19e3f1cb5a1</Anchor>
               </Node>
              </Subnodes>
             </Node>
            </Subnodes>
           </Node>
           <Node>
            <Name>Global Variables</Name>
            <Path>group__globals.html</Path>
            <Subnodes>
             <Node>
              <Name>PLCrashReporterErrorDomain</Name>
              <Path>group__globals.html</Path>
              <Anchor>ga39785d653c102804b52aeed5c0e9df0a</Anchor>
             </Node>
            </Subnodes>
           </Node>
           <Node>
            <Name>Exceptions</Name>
            <Path>group__exceptions.html</Path>
            <Subnodes>
             <Node>
              <Name>PLCrashReporterException</Name>
              <Path>group__exceptions.html</Path>
              <Anchor>ga7ed813a63f02b871e2ef86ecaaec5535</Anchor>
             </Node>
            </Subnodes>
           </Node>
           <Node>
            <Name>PLCRASH_REPORT_FILE_MAGIC</Name>
            <Path>group__constants.html</Path>
            <Anchor>ga30e73dfe1eba3f04dc22dca783bf281e</Anchor>
           </Node>
           <Node>
            <Name>PLCRASH_REPORT_FILE_VERSION</Name>
            <Path>group__constants.html</Path>
            <Anchor>ga30d74c1bff76eb2deb476faafedeef6a</Anchor>
           </Node>
           <Node>
            <Name>PLCrashReportArchitecture</Name>
            <Path>group__constants.html</Path>
            <Anchor>ga5f1ad95e4066a729c06d0146ebe87e69</Anchor>
            <Subnodes>
             <Node>
              <Name>PLCrashReportArchitectureX86_32</Name>
              <Path>group__constants.html</Path>
              <Anchor>gga5f1ad95e4066a729c06d0146ebe87e69a221a3435227156364a36b3dabfc43396</Anchor>
             </Node>
             <Node>
              <Name>PLCrashReportArchitectureX86_64</Name>
              <Path>group__constants.html</Path>
              <Anchor>gga5f1ad95e4066a729c06d0146ebe87e69af5aeaceccc121fe32009c4ad8eed21a6</Anchor>
             </Node>
             <Node>
              <Name>PLCrashReportArchitectureARMv6</Name>
              <Path>group__constants.html</Path>
              <Anchor>gga5f1ad95e4066a729c06d0146ebe87e69ac21d9b80ff7acac3698b55024f015c34</Anchor>
             </Node>
             <Node>
              <Name>PLCrashReportArchitectureARM</Name>
              <Path>group__constants.html</Path>
              <Anchor>gga5f1ad95e4066a729c06d0146ebe87e69a3fa4b9a2163d52852500e240c74583f7</Anchor>
             </Node>
             <Node>
              <Name>PLCrashReportArchitecturePPC</Name>
              <Path>group__constants.html</Path>
              <Anchor>gga5f1ad95e4066a729c06d0146ebe87e69a3170d0db5223f2f022d59721966423dc</Anchor>
             </Node>
             <Node>
              <Name>PLCrashReportArchitecturePPC64</Name>
              <Path>group__constants.html</Path>
              <Anchor>gga5f1ad95e4066a729c06d0146ebe87e69a7b17b1fbae81377f147b04b43c072783</Anchor>
             </Node>
             <Node>
              <Name>PLCrashReportArchitectureARMv7</Name>
              <Path>group__constants.html</Path>
              <Anchor>gga5f1ad95e4066a729c06d0146ebe87e69a87b08ab43fa7d6b53920c630b3eecd64</Anchor>
             </Node>
             <Node>
              <Name>PLCrashReportArchitectureUnknown</Name>
              <Path>group__constants.html</Path>
              <Anchor>gga5f1ad95e4066a729c06d0146ebe87e69ae28afa0bb0f4193681cfd65a0a14136f</Anchor>
             </Node>
            </Subnodes>
           </Node>
           <Node>
            <Name>PLCrashReportOperatingSystem</Name>
            <Path>group__constants.html</Path>
            <Anchor>ga0293a62fa6c83c72595c6a31ae4e0375</Anchor>
            <Subnodes>
             <Node>
              <Name>PLCrashReportOperatingSystemMacOSX</Name>
              <Path>group__constants.html</Path>
              <Anchor>gga0293a62fa6c83c72595c6a31ae4e0375ac05e23fedd5ff5357930c9f324416f53</Anchor>
             </Node>
             <Node>
              <Name>PLCrashReportOperatingSystemiPhoneOS</Name>
              <Path>group__constants.html</Path>
              <Anchor>gga0293a62fa6c83c72595c6a31ae4e0375ab03a0dfa28a475b2711ff9b02aa5b28d</Anchor>
             </Node>
             <Node>
              <Name>PLCrashReportOperatingSystemiPhoneSimulator</Name>
              <Path>group__constants.html</Path>
              <Anchor>gga0293a62fa6c83c72595c6a31ae4e0375a690cf546d35d374936ca7fd08d9412ed</Anchor>
             </Node>
             <Node>
              <Name>PLCrashReportOperatingSystemUnknown</Name>
              <Path>group__constants.html</Path>
              <Anchor>gga0293a62fa6c83c72595c6a31ae4e0375a0be6abe054a8c673540ffeca4963e8bd</Anchor>
             </Node>
            </Subnodes>
           </Node>
           <Node>
            <Name>PLCrashReportProcessorTypeEncoding</Name>
            <Path>group__constants.html</Path>
            <Anchor>gab8bd23cc61b9bbfd21838b8ecbeac700</Anchor>
            <Subnodes>
             <Node>
              <Name>PLCrashReportProcessorTypeEncodingUnknown</Name>
              <Path>group__constants.html</Path>
              <Anchor>ggab8bd23cc61b9bbfd21838b8ecbeac700abde0bf53980a738278e46d33e627e49d</Anchor>
             </Node>
             <Node>
              <Name>PLCrashReportProcessorTypeEncodingMach</Name>
              <Path>group__constants.html</Path>
              <Anchor>ggab8bd23cc61b9bbfd21838b8ecbeac700a73eda42da35c4988918eb097c4fda43f</Anchor>
             </Node>
            </Subnodes>
           </Node>
           <Node>
            <Name>PLCrashReportHostOperatingSystem</Name>
            <Path>group__constants.html</Path>
            <Anchor>ga136dc26ef9601fdddc312435b7dbf95d</Anchor>
           </Node>
          </Subnodes>
         </Node>
        </Subnodes>
       </Node>
       <Node>
        <Name>Classes</Name>
        <Path></Path>
        <Subnodes>
         <Node>
          <Name>Class List</Name>
          <Path>annotated.html</Path>
          <Subnodes>
           <Node>
            <Name>PLCrashHostInfoVersion</Name>
            <Path>struct_p_l_crash_host_info_version.html</Path>
            <Subnodes>
             <Node>
              <Name>major</Name>
              <Path>struct_p_l_crash_host_info_version.html</Path>
              <Anchor>ad22861f7027a1f50ffff1cd9283958bd</Anchor>
             </Node>
             <Node>
              <Name>minor</Name>
              <Path>struct_p_l_crash_host_info_version.html</Path>
              <Anchor>a01538976fd26b50508429eca5927b0be</Anchor>
             </Node>
             <Node>
              <Name>revision</Name>
              <Path>struct_p_l_crash_host_info_version.html</Path>
              <Anchor>aae059a5bc9f99dd91673142ed9e01bb2</Anchor>
             </Node>
            </Subnodes>
           </Node>
           <Node>
            <Name>PLCrashProcessInfo</Name>
            <Path>interface_p_l_crash_process_info.html</Path>
            <Subnodes>
             <Node>
              <Name>initWithProcessID:</Name>
              <Path>interface_p_l_crash_process_info.html</Path>
              <Anchor>a622146376068a99e18d5ba70fde9cc35</Anchor>
             </Node>
             <Node>
              <Name>parentProcessID</Name>
              <Path>interface_p_l_crash_process_info.html</Path>
              <Anchor>a3d6ab930339c57e7cd129fbea47bfcd9</Anchor>
             </Node>
             <Node>
              <Name>processID</Name>
              <Path>interface_p_l_crash_process_info.html</Path>
              <Anchor>a85d1c3b203318ca65fa4e4917920f427</Anchor>
             </Node>
             <Node>
              <Name>processName</Name>
              <Path>interface_p_l_crash_process_info.html</Path>
              <Anchor>ae82a7dd9d852a7bdaa17e4dfbd2de416</Anchor>
             </Node>
             <Node>
              <Name>startTime</Name>
              <Path>interface_p_l_crash_process_info.html</Path>
              <Anchor>a15f2eb7906b6ecd19506282e8ae96530</Anchor>
             </Node>
             <Node>
              <Name>traced</Name>
              <Path>interface_p_l_crash_process_info.html</Path>
              <Anchor>a549726ca43805369cae7d064f44971cb</Anchor>
             </Node>
            </Subnodes>
           </Node>
           <Node>
            <Name>PLCrashReport</Name>
            <Path>interface_p_l_crash_report.html</Path>
            <Subnodes>
             <Node>
              <Name>imageForAddress:</Name>
              <Path>interface_p_l_crash_report.html</Path>
              <Anchor>abfdbdc73f9e6e4ff9621830752ad83da</Anchor>
             </Node>
             <Node>
              <Name>initWithData:error:</Name>
              <Path>interface_p_l_crash_report.html</Path>
              <Anchor>a1ffab6b298274e81a2173ff02a4869a6</Anchor>
             </Node>
             <Node>
              <Name>applicationInfo</Name>
              <Path>interface_p_l_crash_report.html</Path>
              <Anchor>adc420e4591c802731f511351fc453eb1</Anchor>
             </Node>
             <Node>
              <Name>exceptionInfo</Name>
              <Path>interface_p_l_crash_report.html</Path>
              <Anchor>a512f923d1bec0a0c8d9b54f13007ba70</Anchor>
             </Node>
             <Node>
              <Name>hasExceptionInfo</Name>
              <Path>interface_p_l_crash_report.html</Path>
              <Anchor>a6e9144cb0af770102c6fefb8b04ff888</Anchor>
             </Node>
             <Node>
              <Name>hasMachineInfo</Name>
              <Path>interface_p_l_crash_report.html</Path>
              <Anchor>a67a558c2e4dbe109d3fbf3ef0fa259c2</Anchor>
             </Node>
             <Node>
              <Name>hasProcessInfo</Name>
              <Path>interface_p_l_crash_report.html</Path>
              <Anchor>a08d013bb64f565e097cabc81d41a89ea</Anchor>
             </Node>
             <Node>
              <Name>images</Name>
              <Path>interface_p_l_crash_report.html</Path>
              <Anchor>abddf00f750bb8606ae2c4655f98c7b89</Anchor>
             </Node>
             <Node>
              <Name>machExceptionInfo</Name>
              <Path>interface_p_l_crash_report.html</Path>
              <Anchor>ac77d726d8fbc551559e8130a13a81cbf</Anchor>
             </Node>
             <Node>
              <Name>machineInfo</Name>
              <Path>interface_p_l_crash_report.html</Path>
              <Anchor>a25e9c31078488d31d45de9df022dff84</Anchor>
             </Node>
             <Node>
              <Name>processInfo</Name>
              <Path>interface_p_l_crash_report.html</Path>
              <Anchor>a0995fb440a9f17deb5a23c33141e0194</Anchor>
             </Node>
             <Node>
              <Name>signalInfo</Name>
              <Path>interface_p_l_crash_report.html</Path>
              <Anchor>a9cd8ea14ba6d1d9cfbc4ec03a7d7efeb</Anchor>
             </Node>
             <Node>
              <Name>systemInfo</Name>
              <Path>interface_p_l_crash_report.html</Path>
              <Anchor>aea139752baa801df9526fdbb0d1384a7</Anchor>
             </Node>
             <Node>
              <Name>threads</Name>
              <Path>interface_p_l_crash_report.html</Path>
              <Anchor>a2ddee7fbca88d0c0e5bd13049ca5952d</Anchor>
             </Node>
             <Node>
              <Name>uuidRef</Name>
              <Path>interface_p_l_crash_report.html</Path>
              <Anchor>a3b5c49f1c2b5cb01f605b7f152e24aed</Anchor>
             </Node>
            </Subnodes>
           </Node>
           <Node>
            <Name>PLCrashReportApplicationInfo</Name>
            <Path>interface_p_l_crash_report_application_info.html</Path>
            <Subnodes>
             <Node>
              <Name>initWithApplicationIdentifier:applicationVersion:</Name>
              <Path>interface_p_l_crash_report_application_info.html</Path>
              <Anchor>afdae30d7b18a00a5792a29d16270d4eb</Anchor>
             </Node>
             <Node>
              <Name>applicationIdentifier</Name>
              <Path>interface_p_l_crash_report_application_info.html</Path>
              <Anchor>a1fce239d39d86f41e0fbdb441235b76b</Anchor>
             </Node>
             <Node>
              <Name>applicationVersion</Name>
              <Path>interface_p_l_crash_report_application_info.html</Path>
              <Anchor>a6e696ad5c20395434353270efa023627</Anchor>
             </Node>
            </Subnodes>
           </Node>
           <Node>
            <Name>PLCrashReportBinaryImageInfo</Name>
            <Path>interface_p_l_crash_report_binary_image_info.html</Path>
            <Subnodes>
             <Node>
              <Name>initWithCodeType:baseAddress:size:name:uuid:</Name>
              <Path>interface_p_l_crash_report_binary_image_info.html</Path>
              <Anchor>a110e5a6e896bb947fd45ce0a9420eefd</Anchor>
             </Node>
             <Node>
              <Name>codeType</Name>
              <Path>interface_p_l_crash_report_binary_image_info.html</Path>
              <Anchor>a10f40ca000348acdad1a0d9da3766e5a</Anchor>
             </Node>
             <Node>
              <Name>hasImageUUID</Name>
              <Path>interface_p_l_crash_report_binary_image_info.html</Path>
              <Anchor>a1aece94bea1d817a207432bede5bdb0f</Anchor>
             </Node>
             <Node>
              <Name>imageBaseAddress</Name>
              <Path>interface_p_l_crash_report_binary_image_info.html</Path>
              <Anchor>a6549b77f2e608915be132533c9b3bc67</Anchor>
             </Node>
             <Node>
              <Name>imageName</Name>
              <Path>interface_p_l_crash_report_binary_image_info.html</Path>
              <Anchor>abd5dc4f5f1ea792181c346077d0e1951</Anchor>
             </Node>
             <Node>
              <Name>imageSize</Name>
              <Path>interface_p_l_crash_report_binary_image_info.html</Path>
              <Anchor>a0611997078d0587cb25e5389b5f998ec</Anchor>
             </Node>
             <Node>
              <Name>imageUUID</Name>
              <Path>interface_p_l_crash_report_binary_image_info.html</Path>
              <Anchor>a3fa58b73a6a1bb9d4bb850cc16c7f4fb</Anchor>
             </Node>
            </Subnodes>
           </Node>
           <Node>
            <Name>PLCrashReporter</Name>
            <Path>interface_p_l_crash_reporter.html</Path>
            <Subnodes>
             <Node>
              <Name>enableCrashReporter</Name>
              <Path>interface_p_l_crash_reporter.html</Path>
              <Anchor>a09063c7d80b765dc69627e8791740122</Anchor>
             </Node>
             <Node>
              <Name>enableCrashReporterAndReturnError:</Name>
              <Path>interface_p_l_crash_reporter.html</Path>
              <Anchor>a9eb80ff9808937d991f6130aaeaad7b7</Anchor>
             </Node>
             <Node>
              <Name>generateLiveReport</Name>
              <Path>interface_p_l_crash_reporter.html</Path>
              <Anchor>a218c870c9be7d6a02ac58734b27cabfd</Anchor>
             </Node>
             <Node>
              <Name>generateLiveReportAndReturnError:</Name>
              <Path>interface_p_l_crash_reporter.html</Path>
              <Anchor>a6daebcf9486e71b091fccc90e38dd0fd</Anchor>
             </Node>
             <Node>
              <Name>generateLiveReportWithThread:</Name>
              <Path>interface_p_l_crash_reporter.html</Path>
              <Anchor>a5b20583dfbf1f1474315b3b6a7d2fa7e</Anchor>
             </Node>
             <Node>
              <Name>generateLiveReportWithThread:error:</Name>
              <Path>interface_p_l_crash_reporter.html</Path>
              <Anchor>acd71f37bd1b381bcf194d46a730a3047</Anchor>
             </Node>
             <Node>
              <Name>hasPendingCrashReport</Name>
              <Path>interface_p_l_crash_reporter.html</Path>
              <Anchor>a1f91d701581cdd0219422168db801c3b</Anchor>
             </Node>
             <Node>
              <Name>initWithConfiguration:</Name>
              <Path>interface_p_l_crash_reporter.html</Path>
              <Anchor>a0b2820b139d6c8bbacc32743d7ac4ec2</Anchor>
             </Node>
             <Node>
              <Name>loadPendingCrashReportData</Name>
              <Path>interface_p_l_crash_reporter.html</Path>
              <Anchor>a988eedc5625bf6ecc475c998274e341d</Anchor>
             </Node>
             <Node>
              <Name>loadPendingCrashReportDataAndReturnError:</Name>
              <Path>interface_p_l_crash_reporter.html</Path>
              <Anchor>aa11aa48bae6fef75c6f61c5204296dbf</Anchor>
             </Node>
             <Node>
              <Name>purgePendingCrashReport</Name>
              <Path>interface_p_l_crash_reporter.html</Path>
              <Anchor>a97b17361da9e03ea3948e148de65686f</Anchor>
             </Node>
             <Node>
              <Name>purgePendingCrashReportAndReturnError:</Name>
              <Path>interface_p_l_crash_reporter.html</Path>
              <Anchor>a26667b7a2be4f209e4b405545dd1c1cb</Anchor>
             </Node>
             <Node>
              <Name>setCrashCallbacks:</Name>
              <Path>interface_p_l_crash_reporter.html</Path>
              <Anchor>adfb51591a74c434fe99cd3019f41dab5</Anchor>
             </Node>
            </Subnodes>
           </Node>
           <Node>
            <Name>PLCrashReporterCallbacks</Name>
            <Path>struct_p_l_crash_reporter_callbacks.html</Path>
            <Subnodes>
             <Node>
              <Name>context</Name>
              <Path>struct_p_l_crash_reporter_callbacks.html</Path>
              <Anchor>ae278c402f34ed99b39011833f11244af</Anchor>
             </Node>
             <Node>
              <Name>handleSignal</Name>
              <Path>struct_p_l_crash_reporter_callbacks.html</Path>
              <Anchor>a6ef2204e0154bbac923b626062d8d1fa</Anchor>
             </Node>
             <Node>
              <Name>version</Name>
              <Path>struct_p_l_crash_reporter_callbacks.html</Path>
              <Anchor>af5d0b441afb4835a0fdbbfd81ebe583c</Anchor>
             </Node>
            </Subnodes>
           </Node>
           <Node>
            <Name>PLCrashReporterConfig</Name>
            <Path>interface_p_l_crash_reporter_config.html</Path>
            <Subnodes>
             <Node>
              <Name>init</Name>
              <Path>interface_p_l_crash_reporter_config.html</Path>
              <Anchor>a12420086c5e3588029331c09536b4237</Anchor>
             </Node>
             <Node>
              <Name>initWithSignalHandlerType:symbolicationStrategy:</Name>
              <Path>interface_p_l_crash_reporter_config.html</Path>
              <Anchor>a3c3156c413d4ed6adf79df93c57b4468</Anchor>
             </Node>
             <Node>
              <Name>signalHandlerType</Name>
              <Path>interface_p_l_crash_reporter_config.html</Path>
              <Anchor>a1df1202426b9676578fb3ee0e1221c3b</Anchor>
             </Node>
             <Node>
              <Name>symbolicationStrategy</Name>
              <Path>interface_p_l_crash_reporter_config.html</Path>
              <Anchor>a8ef9f4de06e09f55b7254a922600bab6</Anchor>
             </Node>
            </Subnodes>
           </Node>
           <Node>
            <Name>PLCrashReportExceptionInfo</Name>
            <Path>interface_p_l_crash_report_exception_info.html</Path>
            <Subnodes>
             <Node>
              <Name>initWithExceptionName:reason:</Name>
              <Path>interface_p_l_crash_report_exception_info.html</Path>
              <Anchor>aa0e18c83a7ee04a92e2ec0f6d425bc04</Anchor>
             </Node>
             <Node>
              <Name>initWithExceptionName:reason:stackFrames:</Name>
              <Path>interface_p_l_crash_report_exception_info.html</Path>
              <Anchor>adea794b336a5450b2dd4dd0fec9bb4e5</Anchor>
             </Node>
             <Node>
              <Name>exceptionName</Name>
              <Path>interface_p_l_crash_report_exception_info.html</Path>
              <Anchor>a415b6439f91232283422c2c69f0b535a</Anchor>
             </Node>
             <Node>
              <Name>exceptionReason</Name>
              <Path>interface_p_l_crash_report_exception_info.html</Path>
              <Anchor>a53e3199c9c2f864c04930a63e76769ce</Anchor>
             </Node>
            </Subnodes>
           </Node>
           <Node>
            <Name>PLCrashReportFileHeader</Name>
            <Path>struct_p_l_crash_report_file_header.html</Path>
            <Subnodes>
             <Node>
              <Name>data</Name>
              <Path>struct_p_l_crash_report_file_header.html</Path>
              <Anchor>a42960f93d09c45af7c7f0580dc507de1</Anchor>
             </Node>
             <Node>
              <Name>magic</Name>
              <Path>struct_p_l_crash_report_file_header.html</Path>
              <Anchor>ad087d56b33fc3edf39543a51218e339e</Anchor>
             </Node>
             <Node>
              <Name>version</Name>
              <Path>struct_p_l_crash_report_file_header.html</Path>
              <Anchor>ab007a5e6151eb6d93d4906852a87a896</Anchor>
             </Node>
            </Subnodes>
           </Node>
           <Node>
            <Name>&lt;PLCrashReportFormatter&gt;</Name>
            <Path>protocol_p_l_crash_report_formatter-p.html</Path>
            <Subnodes>
             <Node>
              <Name>formatReport:error:</Name>
              <Path>protocol_p_l_crash_report_formatter-p.html</Path>
              <Anchor>a73beadf447bcfcb5c7eac6de623941cd</Anchor>
             </Node>
            </Subnodes>
           </Node>
           <Node>
            <Name>PLCrashReportMachExceptionInfo</Name>
            <Path>interface_p_l_crash_report_mach_exception_info.html</Path>
            <Subnodes>
             <Node>
              <Name>initWithType:codes:</Name>
              <Path>interface_p_l_crash_report_mach_exception_info.html</Path>
              <Anchor>a3c834e03a56fc97046f8186da16f5517</Anchor>
             </Node>
             <Node>
              <Name>codes</Name>
              <Path>interface_p_l_crash_report_mach_exception_info.html</Path>
              <Anchor>a3d0090fbc6ad02473a17f40a2b80741a</Anchor>
             </Node>
             <Node>
              <Name>type</Name>
              <Path>interface_p_l_crash_report_mach_exception_info.html</Path>
              <Anchor>af57bc4a0819589ab69b0f0697f45eca7</Anchor>
             </Node>
            </Subnodes>
           </Node>
           <Node>
            <Name>PLCrashReportMachineInfo</Name>
            <Path>interface_p_l_crash_report_machine_info.html</Path>
            <Subnodes>
             <Node>
              <Name>initWithModelName:processorInfo:processorCount:logicalProcessorCount:</Name>
              <Path>interface_p_l_crash_report_machine_info.html</Path>
              <Anchor>a8ca3171a1e4d69cdafedf9362ed790d2</Anchor>
             </Node>
             <Node>
              <Name>modelName</Name>
              <Path>interface_p_l_crash_report_machine_info.html</Path>
              <Anchor>a66b2af50df9fa435649dffc98f0d67f0</Anchor>
             </Node>
             <Node>
              <Name>processorInfo</Name>
              <Path>interface_p_l_crash_report_machine_info.html</Path>
              <Anchor>a06e860df2ccd5fd38f2fa7e6e6c77b6c</Anchor>
             </Node>
            </Subnodes>
           </Node>
           <Node>
            <Name>PLCrashReportProcessInfo</Name>
            <Path>interface_p_l_crash_report_process_info.html</Path>
            <Subnodes>
             <Node>
              <Name>initWithProcessName:processID:processPath:processStartTime:parentProcessName:parentProcessID:native:</Name>
              <Path>interface_p_l_crash_report_process_info.html</Path>
              <Anchor>a246b407cba52bca0a6c32ec53324c182</Anchor>
             </Node>
             <Node>
              <Name>native</Name>
              <Path>interface_p_l_crash_report_process_info.html</Path>
              <Anchor>a877d250f2267e05de9af502c4cd54816</Anchor>
             </Node>
             <Node>
              <Name>parentProcessID</Name>
              <Path>interface_p_l_crash_report_process_info.html</Path>
              <Anchor>aa2377325111e94c6a93681321c124795</Anchor>
             </Node>
             <Node>
              <Name>parentProcessName</Name>
              <Path>interface_p_l_crash_report_process_info.html</Path>
              <Anchor>a8ec5523958f7ae76d6525284cdd28c76</Anchor>
             </Node>
             <Node>
              <Name>processID</Name>
              <Path>interface_p_l_crash_report_process_info.html</Path>
              <Anchor>a07d87c1202f3545b7579fa84d70f24a0</Anchor>
             </Node>
             <Node>
              <Name>processName</Name>
              <Path>interface_p_l_crash_report_process_info.html</Path>
              <Anchor>a234d6bd19be685fe53a43eea8a06c104</Anchor>
             </Node>
             <Node>
              <Name>processPath</Name>
              <Path>interface_p_l_crash_report_process_info.html</Path>
              <Anchor>a3691976aa7a5f0c609f3ff0dd6d7e7a7</Anchor>
             </Node>
             <Node>
              <Name>processStartTime</Name>
              <Path>interface_p_l_crash_report_process_info.html</Path>
              <Anchor>a04e1269eb2ceeb8441d61f004554a55b</Anchor>
             </Node>
            </Subnodes>
           </Node>
           <Node>
            <Name>PLCrashReportProcessorInfo</Name>
            <Path>interface_p_l_crash_report_processor_info.html</Path>
            <Subnodes>
             <Node>
              <Name>initWithTypeEncoding:type:subtype:</Name>
              <Path>interface_p_l_crash_report_processor_info.html</Path>
              <Anchor>a8336c87b8bbe23592d245c7788e5fc28</Anchor>
             </Node>
             <Node>
              <Name>subtype</Name>
              <Path>interface_p_l_crash_report_processor_info.html</Path>
              <Anchor>ac477dab4ad553e9a76fb3bfa8d0bf821</Anchor>
             </Node>
             <Node>
              <Name>type</Name>
              <Path>interface_p_l_crash_report_processor_info.html</Path>
              <Anchor>a68051a7d78c5a21ac6b741036499f399</Anchor>
             </Node>
             <Node>
              <Name>typeEncoding</Name>
              <Path>interface_p_l_crash_report_processor_info.html</Path>
              <Anchor>abfde26416187f27349f38f43d73765d7</Anchor>
             </Node>
            </Subnodes>
           </Node>
           <Node>
            <Name>PLCrashReportRegisterInfo</Name>
            <Path>interface_p_l_crash_report_register_info.html</Path>
            <Subnodes>
             <Node>
              <Name>initWithRegisterName:registerValue:</Name>
              <Path>interface_p_l_crash_report_register_info.html</Path>
              <Anchor>a92a145a09a7ed1ff084eecdc9f18fa79</Anchor>
             </Node>
             <Node>
              <Name>registerName</Name>
              <Path>interface_p_l_crash_report_register_info.html</Path>
              <Anchor>a783292db3f739aea01fc8212592a3997</Anchor>
             </Node>
             <Node>
              <Name>registerValue</Name>
              <Path>interface_p_l_crash_report_register_info.html</Path>
              <Anchor>a817a4a58897132ccbae63b25917c8a5e</Anchor>
             </Node>
            </Subnodes>
           </Node>
           <Node>
            <Name>PLCrashReportSignalInfo</Name>
            <Path>interface_p_l_crash_report_signal_info.html</Path>
            <Subnodes>
             <Node>
              <Name>initWithSignalName:code:address:</Name>
              <Path>interface_p_l_crash_report_signal_info.html</Path>
              <Anchor>a73e7b6bf0c63a3ee02a111babbb12ccc</Anchor>
             </Node>
             <Node>
              <Name>address</Name>
              <Path>interface_p_l_crash_report_signal_info.html</Path>
              <Anchor>add6e61bf4d150b59df06cd8f6b309c52</Anchor>
             </Node>
             <Node>
              <Name>code</Name>
              <Path>interface_p_l_crash_report_signal_info.html</Path>
              <Anchor>a31380708868904ea6834517c4d07cb96</Anchor>
             </Node>
             <Node>
              <Name>name</Name>
              <Path>interface_p_l_crash_report_signal_info.html</Path>
              <Anchor>a6da85ac70305103d3ebdabef116d0a6d</Anchor>
             </Node>
            </Subnodes>
           </Node>
           <Node>
            <Name>PLCrashReportStackFrameInfo</Name>
            <Path>interface_p_l_crash_report_stack_frame_info.html</Path>
            <Subnodes>
             <Node>
              <Name>initWithInstructionPointer:symbolInfo:</Name>
              <Path>interface_p_l_crash_report_stack_frame_info.html</Path>
              <Anchor>a9b121a7aaf8bca4506548407e213e0de</Anchor>
             </Node>
             <Node>
              <Name>instructionPointer</Name>
              <Path>interface_p_l_crash_report_stack_frame_info.html</Path>
              <Anchor>a035a48de7a82f6c8d95b4362ed78f931</Anchor>
             </Node>
             <Node>
              <Name>symbolInfo</Name>
              <Path>interface_p_l_crash_report_stack_frame_info.html</Path>
              <Anchor>a91994c85299439029681f400d474cfa7</Anchor>
             </Node>
            </Subnodes>
           </Node>
           <Node>
            <Name>PLCrashReportSymbolInfo</Name>
            <Path>interface_p_l_crash_report_symbol_info.html</Path>
            <Subnodes>
             <Node>
              <Name>initWithSymbolName:startAddress:endAddress:</Name>
              <Path>interface_p_l_crash_report_symbol_info.html</Path>
              <Anchor>a0c0b3d72aac8f05b5bed80e4c6c13d2e</Anchor>
             </Node>
             <Node>
              <Name>startAddress</Name>
              <Path>interface_p_l_crash_report_symbol_info.html</Path>
              <Anchor>a55b5edb2a8f1d83eafcdc931b3245723</Anchor>
             </Node>
             <Node>
              <Name>symbolName</Name>
              <Path>interface_p_l_crash_report_symbol_info.html</Path>
              <Anchor>a5e91a3e1a9ff1eac00fab79489e626ed</Anchor>
             </Node>
            </Subnodes>
           </Node>
           <Node>
            <Name>PLCrashReportSystemInfo</Name>
            <Path>interface_p_l_crash_report_system_info.html</Path>
            <Subnodes>
             <Node>
              <Name>initWithOperatingSystem:operatingSystemVersion:architecture:timestamp:</Name>
              <Path>interface_p_l_crash_report_system_info.html</Path>
              <Anchor>aeb34fac73c117a15d21d780adbb6a026</Anchor>
             </Node>
             <Node>
              <Name>initWithOperatingSystem:operatingSystemVersion:operatingSystemBuild:architecture:timestamp:</Name>
              <Path>interface_p_l_crash_report_system_info.html</Path>
              <Anchor>afbcb5c05cce26c3526c1b25a35d16248</Anchor>
             </Node>
             <Node>
              <Name>architecture</Name>
              <Path>interface_p_l_crash_report_system_info.html</Path>
              <Anchor>a39a68a969d87e8bece8e80972c1d2e69</Anchor>
             </Node>
             <Node>
              <Name>operatingSystem</Name>
              <Path>interface_p_l_crash_report_system_info.html</Path>
              <Anchor>a24958eace879a17d7d5a93b05a14a171</Anchor>
             </Node>
             <Node>
              <Name>operatingSystemBuild</Name>
              <Path>interface_p_l_crash_report_system_info.html</Path>
              <Anchor>a4094518ce039173e1ddfe45a9edf1bee</Anchor>
             </Node>
             <Node>
              <Name>operatingSystemVersion</Name>
              <Path>interface_p_l_crash_report_system_info.html</Path>
              <Anchor>a9a8ec4ac6a6af31be2f0ac87a347f506</Anchor>
             </Node>
             <Node>
              <Name>timestamp</Name>
              <Path>interface_p_l_crash_report_system_info.html</Path>
              <Anchor>a18bdd6b0398862b94299e3e40cdcf8be</Anchor>
             </Node>
            </Subnodes>
           </Node>
           <Node>
            <Name>PLCrashReportTextFormatter</Name>
            <Path>interface_p_l_crash_report_text_formatter.html</Path>
            <Subnodes>
             <Node>
              <Name>initWithTextFormat:stringEncoding:</Name>
              <Path>interface_p_l_crash_report_text_formatter.html</Path>
              <Anchor>aee6a0114d7bd4be177c70e081190c58b</Anchor>
             </Node>
            </Subnodes>
           </Node>
           <Node>
            <Name>PLCrashReportThreadInfo</Name>
            <Path>interface_p_l_crash_report_thread_info.html</Path>
            <Subnodes>
             <Node>
              <Name>initWithThreadNumber:stackFrames:crashed:registers:</Name>
              <Path>interface_p_l_crash_report_thread_info.html</Path>
              <Anchor>a78f574de473d863cdebcfb2ceb5b2549</Anchor>
             </Node>
             <Node>
              <Name>crashed</Name>
              <Path>interface_p_l_crash_report_thread_info.html</Path>
              <Anchor>a6af1bd776def3a1ffceda442d7555ab7</Anchor>
             </Node>
             <Node>
              <Name>registers</Name>
              <Path>interface_p_l_crash_report_thread_info.html</Path>
              <Anchor>ab9d539b980f52b0e0317e03c68603df4</Anchor>
             </Node>
             <Node>
              <Name>stackFrames</Name>
              <Path>interface_p_l_crash_report_thread_info.html</Path>
              <Anchor>a8214725dfe02fc2fbfe932b5b6f27cbd</Anchor>
             </Node>
             <Node>
              <Name>threadNumber</Name>
              <Path>interface_p_l_crash_report_thread_info.html</Path>
              <Anchor>a95aed0ac16b181eb4d38c8371ee596f8</Anchor>
             </Node>
            </Subnodes>
           </Node>
          </Subnodes>
         </Node>
         <Node>
          <Name>Class Hierarchy</Name>
          <Path>hierarchy.html</Path>
          <Subnodes>
           <Node>
            <Name>plcrash::async::async_list&lt; V &gt;::node</Name>
            <Path>classplcrash_1_1async_1_1async__list_1_1node.html</Path>
           </Node>
           <Node>
            <Name>PLCrashHostInfoVersion</Name>
            <Path>struct_p_l_crash_host_info_version.html</Path>
           </Node>
           <Node>
            <Name>PLCrashProcessInfo</Name>
            <Path>interface_p_l_crash_process_info.html</Path>
           </Node>
           <Node>
            <Name>PLCrashReport</Name>
            <Path>interface_p_l_crash_report.html</Path>
           </Node>
           <Node>
            <Name>PLCrashReportApplicationInfo</Name>
            <Path>interface_p_l_crash_report_application_info.html</Path>
           </Node>
           <Node>
            <Name>PLCrashReportBinaryImageInfo</Name>
            <Path>interface_p_l_crash_report_binary_image_info.html</Path>
           </Node>
           <Node>
            <Name>PLCrashReporter</Name>
            <Path>interface_p_l_crash_reporter.html</Path>
           </Node>
           <Node>
            <Name>PLCrashReporterCallbacks</Name>
            <Path>struct_p_l_crash_reporter_callbacks.html</Path>
           </Node>
           <Node>
            <Name>PLCrashReporterConfig</Name>
            <Path>interface_p_l_crash_reporter_config.html</Path>
           </Node>
           <Node>
            <Name>PLCrashReportExceptionInfo</Name>
            <Path>interface_p_l_crash_report_exception_info.html</Path>
           </Node>
           <Node>
            <Name>PLCrashReportFileHeader</Name>
            <Path>struct_p_l_crash_report_file_header.html</Path>
           </Node>
           <Node>
            <Name>&lt;PLCrashReportFormatter&gt;</Name>
            <Path>protocol_p_l_crash_report_formatter-p.html</Path>
            <Subnodes>
             <Node>
              <Name>PLCrashReportTextFormatter</Name>
              <Path>interface_p_l_crash_report_text_formatter.html</Path>
             </Node>
            </Subnodes>
           </Node>
           <Node>
            <Name>PLCrashReportMachExceptionInfo</Name>
            <Path>interface_p_l_crash_report_mach_exception_info.html</Path>
           </Node>
           <Node>
            <Name>PLCrashReportMachineInfo</Name>
            <Path>interface_p_l_crash_report_machine_info.html</Path>
           </Node>
           <Node>
            <Name>PLCrashReportProcessInfo</Name>
            <Path>interface_p_l_crash_report_process_info.html</Path>
           </Node>
           <Node>
            <Name>PLCrashReportProcessorInfo</Name>
            <Path>interface_p_l_crash_report_processor_info.html</Path>
           </Node>
           <Node>
            <Name>PLCrashReportRegisterInfo</Name>
            <Path>interface_p_l_crash_report_register_info.html</Path>
           </Node>
           <Node>
            <Name>PLCrashReportSignalInfo</Name>
            <Path>interface_p_l_crash_report_signal_info.html</Path>
           </Node>
           <Node>
            <Name>PLCrashReportStackFrameInfo</Name>
            <Path>interface_p_l_crash_report_stack_frame_info.html</Path>
           </Node>
           <Node>
            <Name>PLCrashReportSymbolInfo</Name>
            <Path>interface_p_l_crash_report_symbol_info.html</Path>
           </Node>
           <Node>
            <Name>PLCrashReportSystemInfo</Name>
            <Path>interface_p_l_crash_report_system_info.html</Path>
           </Node>
           <Node>
            <Name>PLCrashReportThreadInfo</Name>
            <Path>interface_p_l_crash_report_thread_info.html</Path>
           </Node>
          </Subnodes>
         </Node>
         <Node>
          <Name>Class Members</Name>
          <Path>functions.html</Path>
          <Subnodes>
           <Node>
            <Name>All</Name>
            <Path>functions.html</Path>
           </Node>
           <Node>
            <Name>Functions</Name>
            <Path>functions_func.html</Path>
           </Node>
           <Node>
            <Name>Variables</Name>
            <Path>functions_vars.html</Path>
           </Node>
           <Node>
            <Name>Properties</Name>
            <Path>functions_prop.html</Path>
           </Node>
          </Subnodes>
         </Node>
        </Subnodes>
       </Node>
      </Subnodes>
    </Node>
  </TOC>
</DocSetNodes>
