<?xml version="1.0" encoding="UTF-8"?>
<Tokens version="1.0">
  <Token>
    <TokenIdentifier>
      <Name>example_usage_iphone</Name>
      <APILanguage>c</APILanguage>
    </TokenIdentifier>
    <Path>example_usage_iphone.html</Path>
  </Token>
  <Token>
    <TokenIdentifier>
      <Name>error_handling</Name>
      <APILanguage>c</APILanguage>
    </TokenIdentifier>
    <Path>error_handling.html</Path>
    <Abstract>Where a method may return an error, Plausible Crash Reporter provides access to the underlying cause ...</Abstract>
  </Token>
  <Token>
    <TokenIdentifier>
      <Name>async_safety</Name>
      <APILanguage>c</APILanguage>
    </TokenIdentifier>
    <Path>async_safety.html</Path>
    <Abstract>Plausible CrashReporter provides support for executing an application specified function in the conte...</Abstract>
  </Token>
  <Token>
    <TokenIdentifier>
      <Name>mach_exceptions</Name>
      <APILanguage>c</APILanguage>
    </TokenIdentifier>
    <Path>mach_exceptions.html</Path>
    <Abstract>PLCrashReporter includes support for monitoring crashes via an in-process Mach exception handler...</Abstract>
  </Token>
  <Token>
    <TokenIdentifier>
      <Name>deprecated</Name>
      <APILanguage>unknown</APILanguage>
    </TokenIdentifier>
    <Path>deprecated.html</Path>
  </Token>
  <Token>
    <TokenIdentifier>
      <Name>functions</Name>
      <APILanguage>c</APILanguage>
    </TokenIdentifier>
    <Path>group__functions.html</Path>
  </Token>
  <Token>
    <TokenIdentifier>
      <Name>PLCrashReporterPostCrashSignalCallback</Name>
      <APILanguage>c</APILanguage>
      <Type>tdef</Type>
    </TokenIdentifier>
    <Path>group__functions.html</Path>
    <Anchor>ga5a33ad20c2496271ac05102e84fc05b8</Anchor>
    <Abstract>Prototype of a callback function used to execute additional user code with signal information as prov...</Abstract>
    <DeclaredIn>PLCrashReporter.h</DeclaredIn>
  </Token>
  <Token>
    <TokenIdentifier>
      <Name>types</Name>
      <APILanguage>c</APILanguage>
    </TokenIdentifier>
    <Path>group__types.html</Path>
  </Token>
  <Token>
    <TokenIdentifier>
      <Name>PLCrashReporterCallbacks</Name>
      <APILanguage>c</APILanguage>
      <Type>tdef</Type>
    </TokenIdentifier>
    <Path>group__types.html</Path>
    <Anchor>ga9f26f0e7adf3ebc4aba058ca0c61fdf1</Anchor>
    <Abstract>This structure contains callbacks supported by PLCrashReporter to allow the host application to perfo...</Abstract>
    <DeclaredIn>PLCrashReporter.h</DeclaredIn>
  </Token>
  <Token>
    <TokenIdentifier>
      <Name>constants</Name>
      <APILanguage>c</APILanguage>
    </TokenIdentifier>
    <Path>group__constants.html</Path>
  </Token>
  <Token>
    <TokenIdentifier>
      <Name>PLCRASH_REPORT_FILE_MAGIC</Name>
      <APILanguage>unknown</APILanguage>
      <Type>macro</Type>
    </TokenIdentifier>
    <Path>group__constants.html</Path>
    <Anchor>ga30e73dfe1eba3f04dc22dca783bf281e</Anchor>
    <Abstract>Crash file magic identifier. </Abstract>
    <DeclaredIn>PLCrashReport.h</DeclaredIn>
  </Token>
  <Token>
    <TokenIdentifier>
      <Name>PLCRASH_REPORT_FILE_VERSION</Name>
      <APILanguage>unknown</APILanguage>
      <Type>macro</Type>
    </TokenIdentifier>
    <Path>group__constants.html</Path>
    <Anchor>ga30d74c1bff76eb2deb476faafedeef6a</Anchor>
    <Abstract>Crash format version byte identifier. </Abstract>
    <DeclaredIn>PLCrashReport.h</DeclaredIn>
  </Token>
  <Token>
    <TokenIdentifier>
      <Name>PLCrashReportHostOperatingSystem</Name>
      <APILanguage>c</APILanguage>
      <Type>data</Type>
    </TokenIdentifier>
    <Path>group__constants.html</Path>
    <Anchor>ga136dc26ef9601fdddc312435b7dbf95d</Anchor>
    <Abstract>The current host&amp;#39;s operating system. </Abstract>
    <DeclaredIn>PLCrashReportSystemInfo.m</DeclaredIn>
  </Token>
  <Token>
    <TokenIdentifier>
      <Name>PLCrashReportArchitectureX86_32</Name>
      <APILanguage>c</APILanguage>
      <Type>econst</Type>
    </TokenIdentifier>
    <Path>group__constants.html</Path>
    <Anchor>gga5f1ad95e4066a729c06d0146ebe87e69a221a3435227156364a36b3dabfc43396</Anchor>
    <Abstract>x86-32. </Abstract>
    <DeclaredIn>PLCrashReportSystemInfo.h</DeclaredIn>
  </Token>
  <Token>
    <TokenIdentifier>
      <Name>PLCrashReportArchitectureX86_64</Name>
      <APILanguage>c</APILanguage>
      <Type>econst</Type>
    </TokenIdentifier>
    <Path>group__constants.html</Path>
    <Anchor>gga5f1ad95e4066a729c06d0146ebe87e69af5aeaceccc121fe32009c4ad8eed21a6</Anchor>
    <Abstract>x86-64 </Abstract>
    <DeclaredIn>PLCrashReportSystemInfo.h</DeclaredIn>
  </Token>
  <Token>
    <TokenIdentifier>
      <Name>PLCrashReportArchitectureARMv6</Name>
      <APILanguage>c</APILanguage>
      <Type>econst</Type>
    </TokenIdentifier>
    <Path>group__constants.html</Path>
    <Anchor>gga5f1ad95e4066a729c06d0146ebe87e69ac21d9b80ff7acac3698b55024f015c34</Anchor>
    <Abstract>ARMv6. </Abstract>
    <DeclaredIn>PLCrashReportSystemInfo.h</DeclaredIn>
  </Token>
  <Token>
    <TokenIdentifier>
      <Name>PLCrashReportArchitectureARM</Name>
      <APILanguage>c</APILanguage>
      <Type>econst</Type>
    </TokenIdentifier>
    <Path>group__constants.html</Path>
    <Anchor>gga5f1ad95e4066a729c06d0146ebe87e69a3fa4b9a2163d52852500e240c74583f7</Anchor>
    <Abstract>ARMv6. </Abstract>
    <DeclaredIn>PLCrashReportSystemInfo.h</DeclaredIn>
  </Token>
  <Token>
    <TokenIdentifier>
      <Name>PLCrashReportArchitecturePPC</Name>
      <APILanguage>c</APILanguage>
      <Type>econst</Type>
    </TokenIdentifier>
    <Path>group__constants.html</Path>
    <Anchor>gga5f1ad95e4066a729c06d0146ebe87e69a3170d0db5223f2f022d59721966423dc</Anchor>
    <Abstract>PPC. </Abstract>
    <DeclaredIn>PLCrashReportSystemInfo.h</DeclaredIn>
  </Token>
  <Token>
    <TokenIdentifier>
      <Name>PLCrashReportArchitecturePPC64</Name>
      <APILanguage>c</APILanguage>
      <Type>econst</Type>
    </TokenIdentifier>
    <Path>group__constants.html</Path>
    <Anchor>gga5f1ad95e4066a729c06d0146ebe87e69a7b17b1fbae81377f147b04b43c072783</Anchor>
    <Abstract>PPC64. </Abstract>
    <DeclaredIn>PLCrashReportSystemInfo.h</DeclaredIn>
  </Token>
  <Token>
    <TokenIdentifier>
      <Name>PLCrashReportArchitectureARMv7</Name>
      <APILanguage>c</APILanguage>
      <Type>econst</Type>
    </TokenIdentifier>
    <Path>group__constants.html</Path>
    <Anchor>gga5f1ad95e4066a729c06d0146ebe87e69a87b08ab43fa7d6b53920c630b3eecd64</Anchor>
    <Abstract>ARMv7. </Abstract>
    <DeclaredIn>PLCrashReportSystemInfo.h</DeclaredIn>
  </Token>
  <Token>
    <TokenIdentifier>
      <Name>PLCrashReportArchitectureUnknown</Name>
      <APILanguage>c</APILanguage>
      <Type>econst</Type>
    </TokenIdentifier>
    <Path>group__constants.html</Path>
    <Anchor>gga5f1ad95e4066a729c06d0146ebe87e69ae28afa0bb0f4193681cfd65a0a14136f</Anchor>
    <Abstract>Unknown. </Abstract>
    <DeclaredIn>PLCrashReportSystemInfo.h</DeclaredIn>
  </Token>
  <Token>
    <TokenIdentifier>
      <Name>PLCrashReportOperatingSystemMacOSX</Name>
      <APILanguage>c</APILanguage>
      <Type>econst</Type>
    </TokenIdentifier>
    <Path>group__constants.html</Path>
    <Anchor>gga0293a62fa6c83c72595c6a31ae4e0375ac05e23fedd5ff5357930c9f324416f53</Anchor>
    <Abstract>Mac OS X. </Abstract>
    <DeclaredIn>PLCrashReportSystemInfo.h</DeclaredIn>
  </Token>
  <Token>
    <TokenIdentifier>
      <Name>PLCrashReportOperatingSystemiPhoneOS</Name>
      <APILanguage>c</APILanguage>
      <Type>econst</Type>
    </TokenIdentifier>
    <Path>group__constants.html</Path>
    <Anchor>gga0293a62fa6c83c72595c6a31ae4e0375ab03a0dfa28a475b2711ff9b02aa5b28d</Anchor>
    <Abstract>iPhone OS </Abstract>
    <DeclaredIn>PLCrashReportSystemInfo.h</DeclaredIn>
  </Token>
  <Token>
    <TokenIdentifier>
      <Name>PLCrashReportOperatingSystemiPhoneSimulator</Name>
      <APILanguage>c</APILanguage>
      <Type>econst</Type>
    </TokenIdentifier>
    <Path>group__constants.html</Path>
    <Anchor>gga0293a62fa6c83c72595c6a31ae4e0375a690cf546d35d374936ca7fd08d9412ed</Anchor>
    <Abstract>iPhone Simulator (Mac OS X with additional simulator-specific runtime libraries) </Abstract>
    <DeclaredIn>PLCrashReportSystemInfo.h</DeclaredIn>
  </Token>
  <Token>
    <TokenIdentifier>
      <Name>PLCrashReportOperatingSystemUnknown</Name>
      <APILanguage>c</APILanguage>
      <Type>econst</Type>
    </TokenIdentifier>
    <Path>group__constants.html</Path>
    <Anchor>gga0293a62fa6c83c72595c6a31ae4e0375a0be6abe054a8c673540ffeca4963e8bd</Anchor>
    <Abstract>Unknown operating system. </Abstract>
    <DeclaredIn>PLCrashReportSystemInfo.h</DeclaredIn>
  </Token>
  <Token>
    <TokenIdentifier>
      <Name>PLCrashReportProcessorTypeEncodingUnknown</Name>
      <APILanguage>c</APILanguage>
      <Type>econst</Type>
    </TokenIdentifier>
    <Path>group__constants.html</Path>
    <Anchor>ggab8bd23cc61b9bbfd21838b8ecbeac700abde0bf53980a738278e46d33e627e49d</Anchor>
    <Abstract>Unknown cpu type encoding. </Abstract>
    <DeclaredIn>PLCrashReportProcessorInfo.h</DeclaredIn>
  </Token>
  <Token>
    <TokenIdentifier>
      <Name>PLCrashReportProcessorTypeEncodingMach</Name>
      <APILanguage>c</APILanguage>
      <Type>econst</Type>
    </TokenIdentifier>
    <Path>group__constants.html</Path>
    <Anchor>ggab8bd23cc61b9bbfd21838b8ecbeac700a73eda42da35c4988918eb097c4fda43f</Anchor>
    <Abstract>Apple Mach-defined processor types. </Abstract>
    <DeclaredIn>PLCrashReportProcessorInfo.h</DeclaredIn>
  </Token>
  <Token>
    <TokenIdentifier>
      <Name>enums</Name>
      <APILanguage>c</APILanguage>
    </TokenIdentifier>
    <Path>group__enums.html</Path>
  </Token>
  <Token>
    <TokenIdentifier>
      <Name>PLCrashReporterErrorUnknown</Name>
      <APILanguage>c</APILanguage>
      <Type>econst</Type>
    </TokenIdentifier>
    <Path>group__enums.html</Path>
    <Anchor>gga7d15ba33a463831822dd62c603edb038a9215bbd1c646552bbafef6fed3b095e5</Anchor>
    <Abstract>An unknown error has occured. </Abstract>
    <DeclaredIn>CrashReporter.h</DeclaredIn>
  </Token>
  <Token>
    <TokenIdentifier>
      <Name>PLCrashReporterErrorOperatingSystem</Name>
      <APILanguage>c</APILanguage>
      <Type>econst</Type>
    </TokenIdentifier>
    <Path>group__enums.html</Path>
    <Anchor>gga7d15ba33a463831822dd62c603edb038aa5b0e9054c926657b6efaa5357b0b516</Anchor>
    <Abstract>An Mach or POSIX operating system error has occured. </Abstract>
    <DeclaredIn>CrashReporter.h</DeclaredIn>
  </Token>
  <Token>
    <TokenIdentifier>
      <Name>PLCrashReporterErrorCrashReportInvalid</Name>
      <APILanguage>c</APILanguage>
      <Type>econst</Type>
    </TokenIdentifier>
    <Path>group__enums.html</Path>
    <Anchor>gga7d15ba33a463831822dd62c603edb038a08813f7d479371f01e3bb64de8dcff3a</Anchor>
    <Abstract>The crash report log file is corrupt or invalid. </Abstract>
    <DeclaredIn>CrashReporter.h</DeclaredIn>
  </Token>
  <Token>
    <TokenIdentifier>
      <Name>PLCrashReporterErrorResourceBusy</Name>
      <APILanguage>c</APILanguage>
      <Type>econst</Type>
    </TokenIdentifier>
    <Path>group__enums.html</Path>
    <Anchor>gga7d15ba33a463831822dd62c603edb038a8246f082c18a1c0bbb8f36d3214bce26</Anchor>
    <Abstract>An attempt to use a resource which was in use at the time in a manner which would have conflicted wit...</Abstract>
    <DeclaredIn>CrashReporter.h</DeclaredIn>
  </Token>
  <Token>
    <TokenIdentifier>
      <Name>PLCrashReporterSignalHandlerTypeBSD</Name>
      <APILanguage>c</APILanguage>
      <Type>econst</Type>
    </TokenIdentifier>
    <Path>group__enums.html</Path>
    <Anchor>gga7935de0259f0e02240b707e1858b31d3a817be0e59f06683a6ee29763ad51cc31</Anchor>
    <Abstract>Trap fatal signals via a sigaction(2)-registered BSD signal handler. </Abstract>
    <DeclaredIn>PLCrashReporterConfig.h</DeclaredIn>
  </Token>
  <Token>
    <TokenIdentifier>
      <Name>PLCrashReporterSignalHandlerTypeMach</Name>
      <APILanguage>c</APILanguage>
      <Type>econst</Type>
    </TokenIdentifier>
    <Path>group__enums.html</Path>
    <Anchor>gga7935de0259f0e02240b707e1858b31d3abf0ae8b2dd8834c85bfb6569e5e3109b</Anchor>
    <Abstract>Trap fatal signals via a Mach exception server. </Abstract>
    <DeclaredIn>PLCrashReporterConfig.h</DeclaredIn>
  </Token>
  <Token>
    <TokenIdentifier>
      <Name>PLCrashReporterSymbolicationStrategyNone</Name>
      <APILanguage>c</APILanguage>
      <Type>econst</Type>
    </TokenIdentifier>
    <Path>group__enums.html</Path>
    <Anchor>gga2fccc0cc55180dce6846a39a40c57ca8ae1fa92b6cbcbf67f80dbfcd44ecc70f9</Anchor>
    <Abstract>No symbolication. </Abstract>
    <DeclaredIn>PLCrashReporterConfig.h</DeclaredIn>
  </Token>
  <Token>
    <TokenIdentifier>
      <Name>PLCrashReporterSymbolicationStrategySymbolTable</Name>
      <APILanguage>c</APILanguage>
      <Type>econst</Type>
    </TokenIdentifier>
    <Path>group__enums.html</Path>
    <Anchor>gga2fccc0cc55180dce6846a39a40c57ca8a54e8315e28940b88f23a52dc288f0591</Anchor>
    <Abstract>Use the standard binary symbol table. </Abstract>
    <DeclaredIn>PLCrashReporterConfig.h</DeclaredIn>
  </Token>
  <Token>
    <TokenIdentifier>
      <Name>PLCrashReporterSymbolicationStrategyObjC</Name>
      <APILanguage>c</APILanguage>
      <Type>econst</Type>
    </TokenIdentifier>
    <Path>group__enums.html</Path>
    <Anchor>gga2fccc0cc55180dce6846a39a40c57ca8aa5fc0b6c9a84583a42e711382e2d9d30</Anchor>
    <Abstract>Use Objective-C metadata to find method and class names. </Abstract>
    <DeclaredIn>PLCrashReporterConfig.h</DeclaredIn>
  </Token>
  <Token>
    <TokenIdentifier>
      <Name>PLCrashReporterSymbolicationStrategyAll</Name>
      <APILanguage>c</APILanguage>
      <Type>econst</Type>
    </TokenIdentifier>
    <Path>group__enums.html</Path>
    <Anchor>gga2fccc0cc55180dce6846a39a40c57ca8a96dde52b86b35929df1271054be461b8</Anchor>
    <Abstract>Enable all available symbolication strategies. </Abstract>
    <DeclaredIn>PLCrashReporterConfig.h</DeclaredIn>
  </Token>
  <Token>
    <TokenIdentifier>
      <Name>PLCrashReportTextFormatiOS</Name>
      <APILanguage>c</APILanguage>
      <Type>econst</Type>
    </TokenIdentifier>
    <Path>group__enums.html</Path>
    <Anchor>gga4f31b056a1c2760b5a0e13348c60973aaf92b8c13331a2d58e182b19e3f1cb5a1</Anchor>
    <Abstract>An iOS-compatible crash log text format. </Abstract>
    <DeclaredIn>PLCrashReportTextFormatter.h</DeclaredIn>
  </Token>
  <Token>
    <TokenIdentifier>
      <Name>globals</Name>
      <APILanguage>c</APILanguage>
    </TokenIdentifier>
    <Path>group__globals.html</Path>
  </Token>
  <Token>
    <TokenIdentifier>
      <Name>PLCrashReporterErrorDomain</Name>
      <APILanguage>c</APILanguage>
      <Type>data</Type>
    </TokenIdentifier>
    <Path>group__globals.html</Path>
    <Anchor>ga39785d653c102804b52aeed5c0e9df0a</Anchor>
    <Abstract>Plausible Database NSError Domain. </Abstract>
    <DeclaredIn>CrashReporter.m</DeclaredIn>
  </Token>
  <Token>
    <TokenIdentifier>
      <Name>exceptions</Name>
      <APILanguage>c</APILanguage>
    </TokenIdentifier>
    <Path>group__exceptions.html</Path>
  </Token>
  <Token>
    <TokenIdentifier>
      <Name>PLCrashReporterException</Name>
      <APILanguage>c</APILanguage>
      <Type>data</Type>
    </TokenIdentifier>
    <Path>group__exceptions.html</Path>
    <Anchor>ga7ed813a63f02b871e2ef86ecaaec5535</Anchor>
    <Abstract>Generic CrashReporter Exception. </Abstract>
    <DeclaredIn>CrashReporter.m</DeclaredIn>
  </Token>
  <Token>
    <TokenIdentifier>
      <Name>PLCrashHostInfoVersion</Name>
      <APILanguage>c</APILanguage>
      <Type>cl</Type>
      <Scope>PLCrashHostInfoVersion</Scope>
    </TokenIdentifier>
    <Path>struct_p_l_crash_host_info_version.html</Path>
    <Abstract>A major.minor.revision version number. </Abstract>
    <DeclaredIn>PLCrashHostInfo.h</DeclaredIn>
  </Token>
  <Token>
    <TokenIdentifier>
      <Name>major</Name>
      <APILanguage>cpp</APILanguage>
      <Type>data</Type>
      <Scope>PLCrashHostInfoVersion</Scope>
    </TokenIdentifier>
    <Path>struct_p_l_crash_host_info_version.html</Path>
    <Anchor>ad22861f7027a1f50ffff1cd9283958bd</Anchor>
    <Abstract>The major version number. </Abstract>
  </Token>
  <Token>
    <TokenIdentifier>
      <Name>minor</Name>
      <APILanguage>cpp</APILanguage>
      <Type>data</Type>
      <Scope>PLCrashHostInfoVersion</Scope>
    </TokenIdentifier>
    <Path>struct_p_l_crash_host_info_version.html</Path>
    <Anchor>a01538976fd26b50508429eca5927b0be</Anchor>
    <Abstract>The minor version numer. </Abstract>
  </Token>
  <Token>
    <TokenIdentifier>
      <Name>revision</Name>
      <APILanguage>cpp</APILanguage>
      <Type>data</Type>
      <Scope>PLCrashHostInfoVersion</Scope>
    </TokenIdentifier>
    <Path>struct_p_l_crash_host_info_version.html</Path>
    <Anchor>aae059a5bc9f99dd91673142ed9e01bb2</Anchor>
    <Abstract>The revision number. </Abstract>
  </Token>
  <Token>
    <TokenIdentifier>
      <Name>PLCrashProcessInfo</Name>
      <APILanguage>c</APILanguage>
      <Type>cl</Type>
      <Scope>PLCrashProcessInfo</Scope>
    </TokenIdentifier>
    <Path>interface_p_l_crash_process_info.html</Path>
    <Abstract>The PLCrashProcessInfo provides methods to access basic information about a target process...</Abstract>
  </Token>
  <Token>
    <TokenIdentifier>
      <Name>initWithProcessID:</Name>
      <APILanguage>occ</APILanguage>
      <Type>instm</Type>
      <Scope>PLCrashProcessInfo</Scope>
    </TokenIdentifier>
    <Path>interface_p_l_crash_process_info.html</Path>
    <Anchor>a622146376068a99e18d5ba70fde9cc35</Anchor>
    <Abstract>Initialize a new instance with the process info for the process with pid. </Abstract>
    <DeclaredIn>PLCrashProcessInfo.h</DeclaredIn>
  </Token>
  <Token>
    <TokenIdentifier>
      <Name>currentProcessInfo</Name>
      <APILanguage>occ</APILanguage>
      <Type>clm</Type>
      <Scope>PLCrashProcessInfo</Scope>
    </TokenIdentifier>
    <Path>interface_p_l_crash_process_info.html</Path>
    <Anchor>a09a8436261f4f020c740df6652103e76</Anchor>
    <Abstract>Return the current process info of the calling process. </Abstract>
    <DeclaredIn>PLCrashProcessInfo.h</DeclaredIn>
  </Token>
  <Token>
    <TokenIdentifier>
      <Name>processID</Name>
      <APILanguage>occ</APILanguage>
      <Type>instp</Type>
      <Scope>PLCrashProcessInfo</Scope>
    </TokenIdentifier>
    <Path>interface_p_l_crash_process_info.html</Path>
    <Anchor>a85d1c3b203318ca65fa4e4917920f427</Anchor>
    <Abstract>The process ID of the target process. </Abstract>
  </Token>
  <Token>
    <TokenIdentifier>
      <Name>processName</Name>
      <APILanguage>occ</APILanguage>
      <Type>instp</Type>
      <Scope>PLCrashProcessInfo</Scope>
    </TokenIdentifier>
    <Path>interface_p_l_crash_process_info.html</Path>
    <Anchor>ae82a7dd9d852a7bdaa17e4dfbd2de416</Anchor>
    <Abstract>The name of the target process. </Abstract>
  </Token>
  <Token>
    <TokenIdentifier>
      <Name>parentProcessID</Name>
      <APILanguage>occ</APILanguage>
      <Type>instp</Type>
      <Scope>PLCrashProcessInfo</Scope>
    </TokenIdentifier>
    <Path>interface_p_l_crash_process_info.html</Path>
    <Anchor>a3d6ab930339c57e7cd129fbea47bfcd9</Anchor>
    <Abstract>The process ID of the parent of the target process. </Abstract>
  </Token>
  <Token>
    <TokenIdentifier>
      <Name>startTime</Name>
      <APILanguage>occ</APILanguage>
      <Type>instp</Type>
      <Scope>PLCrashProcessInfo</Scope>
    </TokenIdentifier>
    <Path>interface_p_l_crash_process_info.html</Path>
    <Anchor>a15f2eb7906b6ecd19506282e8ae96530</Anchor>
    <Abstract>The process start time. </Abstract>
  </Token>
  <Token>
    <TokenIdentifier>
      <Name>traced</Name>
      <APILanguage>occ</APILanguage>
      <Type>instp</Type>
      <Scope>PLCrashProcessInfo</Scope>
    </TokenIdentifier>
    <Path>interface_p_l_crash_process_info.html</Path>
    <Anchor>a549726ca43805369cae7d064f44971cb</Anchor>
    <Abstract>YES if the target process was being traced (eg, via a debugger). </Abstract>
  </Token>
  <Token>
    <TokenIdentifier>
      <Name>PLCrashReport</Name>
      <APILanguage>c</APILanguage>
      <Type>cl</Type>
      <Scope>PLCrashReport</Scope>
    </TokenIdentifier>
    <Path>interface_p_l_crash_report.html</Path>
    <Abstract>Provides decoding of crash logs generated by the PLCrashReporter framework. </Abstract>
  </Token>
  <Token>
    <TokenIdentifier>
      <Name>initWithData:error:</Name>
      <APILanguage>occ</APILanguage>
      <Type>instm</Type>
      <Scope>PLCrashReport</Scope>
    </TokenIdentifier>
    <Path>interface_p_l_crash_report.html</Path>
    <Anchor>a1ffab6b298274e81a2173ff02a4869a6</Anchor>
    <Abstract>Initialize with the provided crash log data. </Abstract>
    <DeclaredIn>PLCrashReport.h</DeclaredIn>
  </Token>
  <Token>
    <TokenIdentifier>
      <Name>imageForAddress:</Name>
      <APILanguage>occ</APILanguage>
      <Type>instm</Type>
      <Scope>PLCrashReport</Scope>
    </TokenIdentifier>
    <Path>interface_p_l_crash_report.html</Path>
    <Anchor>abfdbdc73f9e6e4ff9621830752ad83da</Anchor>
    <Abstract>Return the binary image containing the given address, or nil if no binary image is found...</Abstract>
    <DeclaredIn>PLCrashReport.h</DeclaredIn>
  </Token>
  <Token>
    <TokenIdentifier>
      <Name>systemInfo</Name>
      <APILanguage>occ</APILanguage>
      <Type>instp</Type>
      <Scope>PLCrashReport</Scope>
    </TokenIdentifier>
    <Path>interface_p_l_crash_report.html</Path>
    <Anchor>aea139752baa801df9526fdbb0d1384a7</Anchor>
    <Abstract>System information. </Abstract>
  </Token>
  <Token>
    <TokenIdentifier>
      <Name>hasMachineInfo</Name>
      <APILanguage>occ</APILanguage>
      <Type>instp</Type>
      <Scope>PLCrashReport</Scope>
    </TokenIdentifier>
    <Path>interface_p_l_crash_report.html</Path>
    <Anchor>a67a558c2e4dbe109d3fbf3ef0fa259c2</Anchor>
    <Abstract>YES if machine information is available. </Abstract>
  </Token>
  <Token>
    <TokenIdentifier>
      <Name>machineInfo</Name>
      <APILanguage>occ</APILanguage>
      <Type>instp</Type>
      <Scope>PLCrashReport</Scope>
    </TokenIdentifier>
    <Path>interface_p_l_crash_report.html</Path>
    <Anchor>a25e9c31078488d31d45de9df022dff84</Anchor>
    <Abstract>Machine information. </Abstract>
  </Token>
  <Token>
    <TokenIdentifier>
      <Name>applicationInfo</Name>
      <APILanguage>occ</APILanguage>
      <Type>instp</Type>
      <Scope>PLCrashReport</Scope>
    </TokenIdentifier>
    <Path>interface_p_l_crash_report.html</Path>
    <Anchor>adc420e4591c802731f511351fc453eb1</Anchor>
    <Abstract>Application information. </Abstract>
  </Token>
  <Token>
    <TokenIdentifier>
      <Name>hasProcessInfo</Name>
      <APILanguage>occ</APILanguage>
      <Type>instp</Type>
      <Scope>PLCrashReport</Scope>
    </TokenIdentifier>
    <Path>interface_p_l_crash_report.html</Path>
    <Anchor>a08d013bb64f565e097cabc81d41a89ea</Anchor>
    <Abstract>YES if process information is available. </Abstract>
  </Token>
  <Token>
    <TokenIdentifier>
      <Name>processInfo</Name>
      <APILanguage>occ</APILanguage>
      <Type>instp</Type>
      <Scope>PLCrashReport</Scope>
    </TokenIdentifier>
    <Path>interface_p_l_crash_report.html</Path>
    <Anchor>a0995fb440a9f17deb5a23c33141e0194</Anchor>
    <Abstract>Process information. </Abstract>
  </Token>
  <Token>
    <TokenIdentifier>
      <Name>signalInfo</Name>
      <APILanguage>occ</APILanguage>
      <Type>instp</Type>
      <Scope>PLCrashReport</Scope>
    </TokenIdentifier>
    <Path>interface_p_l_crash_report.html</Path>
    <Anchor>a9cd8ea14ba6d1d9cfbc4ec03a7d7efeb</Anchor>
    <Abstract>Signal information. </Abstract>
  </Token>
  <Token>
    <TokenIdentifier>
      <Name>machExceptionInfo</Name>
      <APILanguage>occ</APILanguage>
      <Type>instp</Type>
      <Scope>PLCrashReport</Scope>
    </TokenIdentifier>
    <Path>interface_p_l_crash_report.html</Path>
    <Anchor>ac77d726d8fbc551559e8130a13a81cbf</Anchor>
    <Abstract>Mach exception information, if available. </Abstract>
  </Token>
  <Token>
    <TokenIdentifier>
      <Name>threads</Name>
      <APILanguage>occ</APILanguage>
      <Type>instp</Type>
      <Scope>PLCrashReport</Scope>
    </TokenIdentifier>
    <Path>interface_p_l_crash_report.html</Path>
    <Anchor>a2ddee7fbca88d0c0e5bd13049ca5952d</Anchor>
    <Abstract>Thread information. </Abstract>
  </Token>
  <Token>
    <TokenIdentifier>
      <Name>images</Name>
      <APILanguage>occ</APILanguage>
      <Type>instp</Type>
      <Scope>PLCrashReport</Scope>
    </TokenIdentifier>
    <Path>interface_p_l_crash_report.html</Path>
    <Anchor>abddf00f750bb8606ae2c4655f98c7b89</Anchor>
    <Abstract>Binary image information. </Abstract>
  </Token>
  <Token>
    <TokenIdentifier>
      <Name>hasExceptionInfo</Name>
      <APILanguage>occ</APILanguage>
      <Type>instp</Type>
      <Scope>PLCrashReport</Scope>
    </TokenIdentifier>
    <Path>interface_p_l_crash_report.html</Path>
    <Anchor>a6e9144cb0af770102c6fefb8b04ff888</Anchor>
    <Abstract>YES if exception information is available. </Abstract>
  </Token>
  <Token>
    <TokenIdentifier>
      <Name>exceptionInfo</Name>
      <APILanguage>occ</APILanguage>
      <Type>instp</Type>
      <Scope>PLCrashReport</Scope>
    </TokenIdentifier>
    <Path>interface_p_l_crash_report.html</Path>
    <Anchor>a512f923d1bec0a0c8d9b54f13007ba70</Anchor>
    <Abstract>Exception information. </Abstract>
  </Token>
  <Token>
    <TokenIdentifier>
      <Name>uuidRef</Name>
      <APILanguage>occ</APILanguage>
      <Type>instp</Type>
      <Scope>PLCrashReport</Scope>
    </TokenIdentifier>
    <Path>interface_p_l_crash_report.html</Path>
    <Anchor>a3b5c49f1c2b5cb01f605b7f152e24aed</Anchor>
    <Abstract>A client-generated 16-byte UUID. </Abstract>
  </Token>
  <Token>
    <TokenIdentifier>
      <Name>PLCrashReportApplicationInfo</Name>
      <APILanguage>c</APILanguage>
      <Type>cl</Type>
      <Scope>PLCrashReportApplicationInfo</Scope>
    </TokenIdentifier>
    <Path>interface_p_l_crash_report_application_info.html</Path>
    <Abstract>Crash log application data. </Abstract>
  </Token>
  <Token>
    <TokenIdentifier>
      <Name>initWithApplicationIdentifier:applicationVersion:</Name>
      <APILanguage>occ</APILanguage>
      <Type>instm</Type>
      <Scope>PLCrashReportApplicationInfo</Scope>
    </TokenIdentifier>
    <Path>interface_p_l_crash_report_application_info.html</Path>
    <Anchor>afdae30d7b18a00a5792a29d16270d4eb</Anchor>
    <Abstract>Initialize with the provided application identifier and version. </Abstract>
    <DeclaredIn>PLCrashReportApplicationInfo.h</DeclaredIn>
  </Token>
  <Token>
    <TokenIdentifier>
      <Name>applicationIdentifier</Name>
      <APILanguage>occ</APILanguage>
      <Type>instp</Type>
      <Scope>PLCrashReportApplicationInfo</Scope>
    </TokenIdentifier>
    <Path>interface_p_l_crash_report_application_info.html</Path>
    <Anchor>a1fce239d39d86f41e0fbdb441235b76b</Anchor>
    <Abstract>The application identifier. </Abstract>
  </Token>
  <Token>
    <TokenIdentifier>
      <Name>applicationVersion</Name>
      <APILanguage>occ</APILanguage>
      <Type>instp</Type>
      <Scope>PLCrashReportApplicationInfo</Scope>
    </TokenIdentifier>
    <Path>interface_p_l_crash_report_application_info.html</Path>
    <Anchor>a6e696ad5c20395434353270efa023627</Anchor>
    <Abstract>The application version. </Abstract>
  </Token>
  <Token>
    <TokenIdentifier>
      <Name>PLCrashReportBinaryImageInfo</Name>
      <APILanguage>c</APILanguage>
      <Type>cl</Type>
      <Scope>PLCrashReportBinaryImageInfo</Scope>
    </TokenIdentifier>
    <Path>interface_p_l_crash_report_binary_image_info.html</Path>
    <Abstract>Crash Log binary image info. </Abstract>
  </Token>
  <Token>
    <TokenIdentifier>
      <Name>initWithCodeType:baseAddress:size:name:uuid:</Name>
      <APILanguage>occ</APILanguage>
      <Type>instm</Type>
      <Scope>PLCrashReportBinaryImageInfo</Scope>
    </TokenIdentifier>
    <Path>interface_p_l_crash_report_binary_image_info.html</Path>
    <Anchor>a110e5a6e896bb947fd45ce0a9420eefd</Anchor>
    <Abstract>Initialize with the given binary image properties. </Abstract>
    <DeclaredIn>PLCrashReportBinaryImageInfo.h</DeclaredIn>
  </Token>
  <Token>
    <TokenIdentifier>
      <Name>codeType</Name>
      <APILanguage>occ</APILanguage>
      <Type>instp</Type>
      <Scope>PLCrashReportBinaryImageInfo</Scope>
    </TokenIdentifier>
    <Path>interface_p_l_crash_report_binary_image_info.html</Path>
    <Anchor>a10f40ca000348acdad1a0d9da3766e5a</Anchor>
    <Abstract>Image code type, or nil if unavailable. </Abstract>
  </Token>
  <Token>
    <TokenIdentifier>
      <Name>imageBaseAddress</Name>
      <APILanguage>occ</APILanguage>
      <Type>instp</Type>
      <Scope>PLCrashReportBinaryImageInfo</Scope>
    </TokenIdentifier>
    <Path>interface_p_l_crash_report_binary_image_info.html</Path>
    <Anchor>a6549b77f2e608915be132533c9b3bc67</Anchor>
    <Abstract>Image base address. </Abstract>
  </Token>
  <Token>
    <TokenIdentifier>
      <Name>imageSize</Name>
      <APILanguage>occ</APILanguage>
      <Type>instp</Type>
      <Scope>PLCrashReportBinaryImageInfo</Scope>
    </TokenIdentifier>
    <Path>interface_p_l_crash_report_binary_image_info.html</Path>
    <Anchor>a0611997078d0587cb25e5389b5f998ec</Anchor>
    <Abstract>Segment size. </Abstract>
  </Token>
  <Token>
    <TokenIdentifier>
      <Name>imageName</Name>
      <APILanguage>occ</APILanguage>
      <Type>instp</Type>
      <Scope>PLCrashReportBinaryImageInfo</Scope>
    </TokenIdentifier>
    <Path>interface_p_l_crash_report_binary_image_info.html</Path>
    <Anchor>abd5dc4f5f1ea792181c346077d0e1951</Anchor>
    <Abstract>Image name (absolute path) </Abstract>
  </Token>
  <Token>
    <TokenIdentifier>
      <Name>hasImageUUID</Name>
      <APILanguage>occ</APILanguage>
      <Type>instp</Type>
      <Scope>PLCrashReportBinaryImageInfo</Scope>
    </TokenIdentifier>
    <Path>interface_p_l_crash_report_binary_image_info.html</Path>
    <Anchor>a1aece94bea1d817a207432bede5bdb0f</Anchor>
    <Abstract>YES if this image has an associated UUID. </Abstract>
  </Token>
  <Token>
    <TokenIdentifier>
      <Name>imageUUID</Name>
      <APILanguage>occ</APILanguage>
      <Type>instp</Type>
      <Scope>PLCrashReportBinaryImageInfo</Scope>
    </TokenIdentifier>
    <Path>interface_p_l_crash_report_binary_image_info.html</Path>
    <Anchor>a3fa58b73a6a1bb9d4bb850cc16c7f4fb</Anchor>
    <Abstract>128-bit object UUID (matches Mach-O DWARF dSYM files). </Abstract>
  </Token>
  <Token>
    <TokenIdentifier>
      <Name>PLCrashReporter</Name>
      <APILanguage>c</APILanguage>
      <Type>cl</Type>
      <Scope>PLCrashReporter</Scope>
    </TokenIdentifier>
    <Path>interface_p_l_crash_reporter.html</Path>
    <Abstract>Crash Reporter. </Abstract>
  </Token>
  <Token>
    <TokenIdentifier>
      <Name>initWithConfiguration:</Name>
      <APILanguage>occ</APILanguage>
      <Type>instm</Type>
      <Scope>PLCrashReporter</Scope>
    </TokenIdentifier>
    <Path>interface_p_l_crash_reporter.html</Path>
    <Anchor>a0b2820b139d6c8bbacc32743d7ac4ec2</Anchor>
    <Abstract>Initialize a new PLCrashReporter instance with the given configuration. </Abstract>
    <DeclaredIn>PLCrashReporter.h</DeclaredIn>
  </Token>
  <Token>
    <TokenIdentifier>
      <Name>hasPendingCrashReport</Name>
      <APILanguage>occ</APILanguage>
      <Type>instm</Type>
      <Scope>PLCrashReporter</Scope>
    </TokenIdentifier>
    <Path>interface_p_l_crash_reporter.html</Path>
    <Anchor>a1f91d701581cdd0219422168db801c3b</Anchor>
    <Abstract>Returns YES if the application has previously crashed and an pending crash report is available...</Abstract>
    <DeclaredIn>PLCrashReporter.h</DeclaredIn>
  </Token>
  <Token>
    <TokenIdentifier>
      <Name>loadPendingCrashReportData</Name>
      <APILanguage>occ</APILanguage>
      <Type>instm</Type>
      <Scope>PLCrashReporter</Scope>
    </TokenIdentifier>
    <Path>interface_p_l_crash_reporter.html</Path>
    <Anchor>a988eedc5625bf6ecc475c998274e341d</Anchor>
    <Abstract>If an application has a pending crash report, this method returns the crash report data...</Abstract>
    <DeclaredIn>PLCrashReporter.h</DeclaredIn>
  </Token>
  <Token>
    <TokenIdentifier>
      <Name>loadPendingCrashReportDataAndReturnError:</Name>
      <APILanguage>occ</APILanguage>
      <Type>instm</Type>
      <Scope>PLCrashReporter</Scope>
    </TokenIdentifier>
    <Path>interface_p_l_crash_reporter.html</Path>
    <Anchor>aa11aa48bae6fef75c6f61c5204296dbf</Anchor>
    <Abstract>If an application has a pending crash report, this method returns the crash report data...</Abstract>
    <DeclaredIn>PLCrashReporter.h</DeclaredIn>
  </Token>
  <Token>
    <TokenIdentifier>
      <Name>generateLiveReportWithThread:</Name>
      <APILanguage>occ</APILanguage>
      <Type>instm</Type>
      <Scope>PLCrashReporter</Scope>
    </TokenIdentifier>
    <Path>interface_p_l_crash_reporter.html</Path>
    <Anchor>a5b20583dfbf1f1474315b3b6a7d2fa7e</Anchor>
    <Abstract>Generate a live crash report for a given thread, without triggering an actual crash condition...</Abstract>
    <DeclaredIn>PLCrashReporter.h</DeclaredIn>
  </Token>
  <Token>
    <TokenIdentifier>
      <Name>generateLiveReportWithThread:error:</Name>
      <APILanguage>occ</APILanguage>
      <Type>instm</Type>
      <Scope>PLCrashReporter</Scope>
    </TokenIdentifier>
    <Path>interface_p_l_crash_reporter.html</Path>
    <Anchor>acd71f37bd1b381bcf194d46a730a3047</Anchor>
    <Abstract>Generate a live crash report for a given thread, without triggering an actual crash condition...</Abstract>
    <DeclaredIn>PLCrashReporter.h</DeclaredIn>
  </Token>
  <Token>
    <TokenIdentifier>
      <Name>generateLiveReport</Name>
      <APILanguage>occ</APILanguage>
      <Type>instm</Type>
      <Scope>PLCrashReporter</Scope>
    </TokenIdentifier>
    <Path>interface_p_l_crash_reporter.html</Path>
    <Anchor>a218c870c9be7d6a02ac58734b27cabfd</Anchor>
    <Abstract>Generate a live crash report, without triggering an actual crash condition. </Abstract>
    <DeclaredIn>PLCrashReporter.h</DeclaredIn>
  </Token>
  <Token>
    <TokenIdentifier>
      <Name>generateLiveReportAndReturnError:</Name>
      <APILanguage>occ</APILanguage>
      <Type>instm</Type>
      <Scope>PLCrashReporter</Scope>
    </TokenIdentifier>
    <Path>interface_p_l_crash_reporter.html</Path>
    <Anchor>a6daebcf9486e71b091fccc90e38dd0fd</Anchor>
    <Abstract>Generate a live crash report for the current thread, without triggering an actual crash condition...</Abstract>
    <DeclaredIn>PLCrashReporter.h</DeclaredIn>
  </Token>
  <Token>
    <TokenIdentifier>
      <Name>purgePendingCrashReport</Name>
      <APILanguage>occ</APILanguage>
      <Type>instm</Type>
      <Scope>PLCrashReporter</Scope>
    </TokenIdentifier>
    <Path>interface_p_l_crash_reporter.html</Path>
    <Anchor>a97b17361da9e03ea3948e148de65686f</Anchor>
    <Abstract>Purge a pending crash report. </Abstract>
    <DeclaredIn>PLCrashReporter.h</DeclaredIn>
  </Token>
  <Token>
    <TokenIdentifier>
      <Name>purgePendingCrashReportAndReturnError:</Name>
      <APILanguage>occ</APILanguage>
      <Type>instm</Type>
      <Scope>PLCrashReporter</Scope>
    </TokenIdentifier>
    <Path>interface_p_l_crash_reporter.html</Path>
    <Anchor>a26667b7a2be4f209e4b405545dd1c1cb</Anchor>
    <Abstract>Purge a pending crash report. </Abstract>
    <DeclaredIn>PLCrashReporter.h</DeclaredIn>
  </Token>
  <Token>
    <TokenIdentifier>
      <Name>enableCrashReporter</Name>
      <APILanguage>occ</APILanguage>
      <Type>instm</Type>
      <Scope>PLCrashReporter</Scope>
    </TokenIdentifier>
    <Path>interface_p_l_crash_reporter.html</Path>
    <Anchor>a09063c7d80b765dc69627e8791740122</Anchor>
    <Abstract>Enable the crash reporter. </Abstract>
    <DeclaredIn>PLCrashReporter.h</DeclaredIn>
  </Token>
  <Token>
    <TokenIdentifier>
      <Name>enableCrashReporterAndReturnError:</Name>
      <APILanguage>occ</APILanguage>
      <Type>instm</Type>
      <Scope>PLCrashReporter</Scope>
    </TokenIdentifier>
    <Path>interface_p_l_crash_reporter.html</Path>
    <Anchor>a9eb80ff9808937d991f6130aaeaad7b7</Anchor>
    <Abstract>Enable the crash reporter. </Abstract>
    <DeclaredIn>PLCrashReporter.h</DeclaredIn>
  </Token>
  <Token>
    <TokenIdentifier>
      <Name>setCrashCallbacks:</Name>
      <APILanguage>occ</APILanguage>
      <Type>instm</Type>
      <Scope>PLCrashReporter</Scope>
    </TokenIdentifier>
    <Path>interface_p_l_crash_reporter.html</Path>
    <Anchor>adfb51591a74c434fe99cd3019f41dab5</Anchor>
    <Abstract>Set the callbacks that will be executed by the receiver after a crash has occured and been recorded b...</Abstract>
    <DeclaredIn>PLCrashReporter.h</DeclaredIn>
  </Token>
  <Token>
    <TokenIdentifier>
      <Name>sharedReporter</Name>
      <APILanguage>occ</APILanguage>
      <Type>clm</Type>
      <Scope>PLCrashReporter</Scope>
    </TokenIdentifier>
    <Path>interface_p_l_crash_reporter.html</Path>
    <Anchor>a610e043d7659b0ce5df89b717c287711</Anchor>
    <Abstract>Return the default crash reporter instance. </Abstract>
    <DeclaredIn>PLCrashReporter.h</DeclaredIn>
  </Token>
  <Token>
    <TokenIdentifier>
      <Name>PLCrashReporterCallbacks</Name>
      <APILanguage>c</APILanguage>
      <Type>cl</Type>
      <Scope>PLCrashReporterCallbacks</Scope>
    </TokenIdentifier>
    <Path>struct_p_l_crash_reporter_callbacks.html</Path>
    <Abstract>This structure contains callbacks supported by PLCrashReporter to allow the host application to perfo...</Abstract>
    <DeclaredIn>PLCrashReporter.h</DeclaredIn>
  </Token>
  <Token>
    <TokenIdentifier>
      <Name>version</Name>
      <APILanguage>cpp</APILanguage>
      <Type>data</Type>
      <Scope>PLCrashReporterCallbacks</Scope>
    </TokenIdentifier>
    <Path>struct_p_l_crash_reporter_callbacks.html</Path>
    <Anchor>af5d0b441afb4835a0fdbbfd81ebe583c</Anchor>
    <Abstract>The version number of this structure. </Abstract>
  </Token>
  <Token>
    <TokenIdentifier>
      <Name>context</Name>
      <APILanguage>cpp</APILanguage>
      <Type>data</Type>
      <Scope>PLCrashReporterCallbacks</Scope>
    </TokenIdentifier>
    <Path>struct_p_l_crash_reporter_callbacks.html</Path>
    <Anchor>ae278c402f34ed99b39011833f11244af</Anchor>
    <Abstract>An arbitrary user-supplied context value. </Abstract>
  </Token>
  <Token>
    <TokenIdentifier>
      <Name>handleSignal</Name>
      <APILanguage>cpp</APILanguage>
      <Type>data</Type>
      <Scope>PLCrashReporterCallbacks</Scope>
    </TokenIdentifier>
    <Path>struct_p_l_crash_reporter_callbacks.html</Path>
    <Anchor>a6ef2204e0154bbac923b626062d8d1fa</Anchor>
    <Abstract>The callback used to report caught signal information. </Abstract>
  </Token>
  <Token>
    <TokenIdentifier>
      <Name>PLCrashReporterConfig</Name>
      <APILanguage>c</APILanguage>
      <Type>cl</Type>
      <Scope>PLCrashReporterConfig</Scope>
    </TokenIdentifier>
    <Path>interface_p_l_crash_reporter_config.html</Path>
    <Abstract>Crash Reporter Configuration. </Abstract>
  </Token>
  <Token>
    <TokenIdentifier>
      <Name>init</Name>
      <APILanguage>occ</APILanguage>
      <Type>instm</Type>
      <Scope>PLCrashReporterConfig</Scope>
    </TokenIdentifier>
    <Path>interface_p_l_crash_reporter_config.html</Path>
    <Anchor>a12420086c5e3588029331c09536b4237</Anchor>
    <Abstract>Initialize a new PLCrashReporterConfig instance using the default configuration. </Abstract>
    <DeclaredIn>PLCrashReporterConfig.h</DeclaredIn>
  </Token>
  <Token>
    <TokenIdentifier>
      <Name>initWithSignalHandlerType:symbolicationStrategy:</Name>
      <APILanguage>occ</APILanguage>
      <Type>instm</Type>
      <Scope>PLCrashReporterConfig</Scope>
    </TokenIdentifier>
    <Path>interface_p_l_crash_reporter_config.html</Path>
    <Anchor>a3c3156c413d4ed6adf79df93c57b4468</Anchor>
    <Abstract>Initialize a new PLCrashReporterConfig instance. </Abstract>
    <DeclaredIn>PLCrashReporterConfig.h</DeclaredIn>
  </Token>
  <Token>
    <TokenIdentifier>
      <Name>defaultConfiguration</Name>
      <APILanguage>occ</APILanguage>
      <Type>clm</Type>
      <Scope>PLCrashReporterConfig</Scope>
    </TokenIdentifier>
    <Path>interface_p_l_crash_reporter_config.html</Path>
    <Anchor>ae9d7b09c13ea7cfcdf839df9a32cdbff</Anchor>
    <Abstract>Return the default local configuration. </Abstract>
    <DeclaredIn>PLCrashReporterConfig.h</DeclaredIn>
  </Token>
  <Token>
    <TokenIdentifier>
      <Name>signalHandlerType</Name>
      <APILanguage>occ</APILanguage>
      <Type>instp</Type>
      <Scope>PLCrashReporterConfig</Scope>
    </TokenIdentifier>
    <Path>interface_p_l_crash_reporter_config.html</Path>
    <Anchor>a1df1202426b9676578fb3ee0e1221c3b</Anchor>
    <Abstract>The configured signal handler type. </Abstract>
  </Token>
  <Token>
    <TokenIdentifier>
      <Name>symbolicationStrategy</Name>
      <APILanguage>occ</APILanguage>
      <Type>instp</Type>
      <Scope>PLCrashReporterConfig</Scope>
    </TokenIdentifier>
    <Path>interface_p_l_crash_reporter_config.html</Path>
    <Anchor>a8ef9f4de06e09f55b7254a922600bab6</Anchor>
    <Abstract>The configured symbolication strategy. </Abstract>
  </Token>
  <Token>
    <TokenIdentifier>
      <Name>PLCrashReportExceptionInfo</Name>
      <APILanguage>c</APILanguage>
      <Type>cl</Type>
      <Scope>PLCrashReportExceptionInfo</Scope>
    </TokenIdentifier>
    <Path>interface_p_l_crash_report_exception_info.html</Path>
    <Abstract>If a crash is triggered by an uncaught Objective-C exception, the exception name and reason will be m...</Abstract>
  </Token>
  <Token>
    <TokenIdentifier>
      <Name>initWithExceptionName:reason:</Name>
      <APILanguage>occ</APILanguage>
      <Type>instm</Type>
      <Scope>PLCrashReportExceptionInfo</Scope>
    </TokenIdentifier>
    <Path>interface_p_l_crash_report_exception_info.html</Path>
    <Anchor>aa0e18c83a7ee04a92e2ec0f6d425bc04</Anchor>
    <Abstract>Initialize with the given exception name and reason. </Abstract>
    <DeclaredIn>PLCrashReportExceptionInfo.h</DeclaredIn>
  </Token>
  <Token>
    <TokenIdentifier>
      <Name>initWithExceptionName:reason:stackFrames:</Name>
      <APILanguage>occ</APILanguage>
      <Type>instm</Type>
      <Scope>PLCrashReportExceptionInfo</Scope>
    </TokenIdentifier>
    <Path>interface_p_l_crash_report_exception_info.html</Path>
    <Anchor>adea794b336a5450b2dd4dd0fec9bb4e5</Anchor>
    <Abstract>Initialize with the given exception name, reason, and call stack. </Abstract>
    <DeclaredIn>PLCrashReportExceptionInfo.h</DeclaredIn>
  </Token>
  <Token>
    <TokenIdentifier>
      <Name>exceptionName</Name>
      <APILanguage>occ</APILanguage>
      <Type>instp</Type>
      <Scope>PLCrashReportExceptionInfo</Scope>
    </TokenIdentifier>
    <Path>interface_p_l_crash_report_exception_info.html</Path>
    <Anchor>a415b6439f91232283422c2c69f0b535a</Anchor>
    <Abstract>The exception name. </Abstract>
  </Token>
  <Token>
    <TokenIdentifier>
      <Name>exceptionReason</Name>
      <APILanguage>occ</APILanguage>
      <Type>instp</Type>
      <Scope>PLCrashReportExceptionInfo</Scope>
    </TokenIdentifier>
    <Path>interface_p_l_crash_report_exception_info.html</Path>
    <Anchor>a53e3199c9c2f864c04930a63e76769ce</Anchor>
    <Abstract>The exception reason. </Abstract>
  </Token>
  <Token>
    <TokenIdentifier>
      <Name>PLCrashReportFileHeader</Name>
      <APILanguage>c</APILanguage>
      <Type>cl</Type>
      <Scope>PLCrashReportFileHeader</Scope>
    </TokenIdentifier>
    <Path>struct_p_l_crash_report_file_header.html</Path>
    <Abstract>Crash log file header format. </Abstract>
    <DeclaredIn>PLCrashReport.h</DeclaredIn>
  </Token>
  <Token>
    <TokenIdentifier>
      <Name>magic</Name>
      <APILanguage>cpp</APILanguage>
      <Type>data</Type>
      <Scope>PLCrashReportFileHeader</Scope>
    </TokenIdentifier>
    <Path>struct_p_l_crash_report_file_header.html</Path>
    <Anchor>ad087d56b33fc3edf39543a51218e339e</Anchor>
    <Abstract>Crash log magic identifier, not NULL terminated. </Abstract>
  </Token>
  <Token>
    <TokenIdentifier>
      <Name>version</Name>
      <APILanguage>cpp</APILanguage>
      <Type>data</Type>
      <Scope>PLCrashReportFileHeader</Scope>
    </TokenIdentifier>
    <Path>struct_p_l_crash_report_file_header.html</Path>
    <Anchor>ab007a5e6151eb6d93d4906852a87a896</Anchor>
    <Abstract>Crash log encoding/format version. </Abstract>
  </Token>
  <Token>
    <TokenIdentifier>
      <Name>data</Name>
      <APILanguage>cpp</APILanguage>
      <Type>data</Type>
      <Scope>PLCrashReportFileHeader</Scope>
    </TokenIdentifier>
    <Path>struct_p_l_crash_report_file_header.html</Path>
    <Anchor>a42960f93d09c45af7c7f0580dc507de1</Anchor>
    <Abstract>File data. </Abstract>
  </Token>
  <Token>
    <TokenIdentifier>
      <Name>PLCrashReportFormatter</Name>
      <APILanguage>c</APILanguage>
      <Type>intf</Type>
      <Scope>PLCrashReportFormatter</Scope>
    </TokenIdentifier>
    <Path>protocol_p_l_crash_report_formatter-p.html</Path>
    <Abstract>A crash report formatter accepts a PLCrashReport instance, formats it according to implementation-spe...</Abstract>
    <DeclaredIn>PLCrashReportFormatter.h</DeclaredIn>
  </Token>
  <Token>
    <TokenIdentifier>
      <Name>formatReport:error:</Name>
      <APILanguage>occ</APILanguage>
      <Type>intfm</Type>
      <Scope>PLCrashReportFormatter-p</Scope>
    </TokenIdentifier>
    <Path>protocol_p_l_crash_report_formatter-p.html</Path>
    <Anchor>a73beadf447bcfcb5c7eac6de623941cd</Anchor>
    <Abstract>Format the provided report. </Abstract>
    <DeclaredIn>PLCrashReportFormatter.h</DeclaredIn>
  </Token>
  <Token>
    <TokenIdentifier>
      <Name>PLCrashReportMachExceptionInfo</Name>
      <APILanguage>c</APILanguage>
      <Type>cl</Type>
      <Scope>PLCrashReportMachExceptionInfo</Scope>
    </TokenIdentifier>
    <Path>interface_p_l_crash_report_mach_exception_info.html</Path>
    <Abstract>Provides access to the exception type and code. </Abstract>
  </Token>
  <Token>
    <TokenIdentifier>
      <Name>initWithType:codes:</Name>
      <APILanguage>occ</APILanguage>
      <Type>instm</Type>
      <Scope>PLCrashReportMachExceptionInfo</Scope>
    </TokenIdentifier>
    <Path>interface_p_l_crash_report_mach_exception_info.html</Path>
    <Anchor>a3c834e03a56fc97046f8186da16f5517</Anchor>
    <Abstract>Initialize with the given type and codes. </Abstract>
    <DeclaredIn>PLCrashReportMachExceptionInfo.h</DeclaredIn>
  </Token>
  <Token>
    <TokenIdentifier>
      <Name>type</Name>
      <APILanguage>occ</APILanguage>
      <Type>instp</Type>
      <Scope>PLCrashReportMachExceptionInfo</Scope>
    </TokenIdentifier>
    <Path>interface_p_l_crash_report_mach_exception_info.html</Path>
    <Anchor>af57bc4a0819589ab69b0f0697f45eca7</Anchor>
    <Abstract>The Mach exception type. </Abstract>
  </Token>
  <Token>
    <TokenIdentifier>
      <Name>codes</Name>
      <APILanguage>occ</APILanguage>
      <Type>instp</Type>
      <Scope>PLCrashReportMachExceptionInfo</Scope>
    </TokenIdentifier>
    <Path>interface_p_l_crash_report_mach_exception_info.html</Path>
    <Anchor>a3d0090fbc6ad02473a17f40a2b80741a</Anchor>
    <Abstract>The Mach exception codes, represented as an ordered array of 64-bit unsigned NSNumber instances...</Abstract>
  </Token>
  <Token>
    <TokenIdentifier>
      <Name>PLCrashReportMachineInfo</Name>
      <APILanguage>c</APILanguage>
      <Type>cl</Type>
      <Scope>PLCrashReportMachineInfo</Scope>
    </TokenIdentifier>
    <Path>interface_p_l_crash_report_machine_info.html</Path>
    <Abstract>Crash log host architecture information. </Abstract>
  </Token>
  <Token>
    <TokenIdentifier>
      <Name>initWithModelName:processorInfo:processorCount:logicalProcessorCount:</Name>
      <APILanguage>occ</APILanguage>
      <Type>instm</Type>
      <Scope>PLCrashReportMachineInfo</Scope>
    </TokenIdentifier>
    <Path>interface_p_l_crash_report_machine_info.html</Path>
    <Anchor>a8ca3171a1e4d69cdafedf9362ed790d2</Anchor>
    <Abstract>Initialize a new machine info data object. </Abstract>
    <DeclaredIn>PLCrashReportMachineInfo.h</DeclaredIn>
  </Token>
  <Token>
    <TokenIdentifier>
      <Name>modelName</Name>
      <APILanguage>occ</APILanguage>
      <Type>instp</Type>
      <Scope>PLCrashReportMachineInfo</Scope>
    </TokenIdentifier>
    <Path>interface_p_l_crash_report_machine_info.html</Path>
    <Anchor>a66b2af50df9fa435649dffc98f0d67f0</Anchor>
    <Abstract>The hardware model name (eg, MacBookPro6,1). </Abstract>
  </Token>
  <Token>
    <TokenIdentifier>
      <Name>processorInfo</Name>
      <APILanguage>occ</APILanguage>
      <Type>instp</Type>
      <Scope>PLCrashReportMachineInfo</Scope>
    </TokenIdentifier>
    <Path>interface_p_l_crash_report_machine_info.html</Path>
    <Anchor>a06e860df2ccd5fd38f2fa7e6e6c77b6c</Anchor>
    <Abstract>The processor type. </Abstract>
  </Token>
  <Token>
    <TokenIdentifier>
      <Name>PLCrashReportProcessInfo</Name>
      <APILanguage>c</APILanguage>
      <Type>cl</Type>
      <Scope>PLCrashReportProcessInfo</Scope>
    </TokenIdentifier>
    <Path>interface_p_l_crash_report_process_info.html</Path>
    <Abstract>Crash log process data. </Abstract>
  </Token>
  <Token>
    <TokenIdentifier>
      <Name>initWithProcessName:processID:processPath:processStartTime:parentProcessName:parentProcessID:native:</Name>
      <APILanguage>occ</APILanguage>
      <Type>instm</Type>
      <Scope>PLCrashReportProcessInfo</Scope>
    </TokenIdentifier>
    <Path>interface_p_l_crash_report_process_info.html</Path>
    <Anchor>a246b407cba52bca0a6c32ec53324c182</Anchor>
    <Abstract>Initialize with the provided process details. </Abstract>
    <DeclaredIn>PLCrashReportProcessInfo.h</DeclaredIn>
  </Token>
  <Token>
    <TokenIdentifier>
      <Name>processName</Name>
      <APILanguage>occ</APILanguage>
      <Type>instp</Type>
      <Scope>PLCrashReportProcessInfo</Scope>
    </TokenIdentifier>
    <Path>interface_p_l_crash_report_process_info.html</Path>
    <Anchor>a234d6bd19be685fe53a43eea8a06c104</Anchor>
    <Abstract>The process name. </Abstract>
  </Token>
  <Token>
    <TokenIdentifier>
      <Name>processID</Name>
      <APILanguage>occ</APILanguage>
      <Type>instp</Type>
      <Scope>PLCrashReportProcessInfo</Scope>
    </TokenIdentifier>
    <Path>interface_p_l_crash_report_process_info.html</Path>
    <Anchor>a07d87c1202f3545b7579fa84d70f24a0</Anchor>
    <Abstract>The process ID. </Abstract>
  </Token>
  <Token>
    <TokenIdentifier>
      <Name>processPath</Name>
      <APILanguage>occ</APILanguage>
      <Type>instp</Type>
      <Scope>PLCrashReportProcessInfo</Scope>
    </TokenIdentifier>
    <Path>interface_p_l_crash_report_process_info.html</Path>
    <Anchor>a3691976aa7a5f0c609f3ff0dd6d7e7a7</Anchor>
    <Abstract>The path to the process executable. </Abstract>
  </Token>
  <Token>
    <TokenIdentifier>
      <Name>processStartTime</Name>
      <APILanguage>occ</APILanguage>
      <Type>instp</Type>
      <Scope>PLCrashReportProcessInfo</Scope>
    </TokenIdentifier>
    <Path>interface_p_l_crash_report_process_info.html</Path>
    <Anchor>a04e1269eb2ceeb8441d61f004554a55b</Anchor>
    <Abstract>Date and time that the crashing process was started. </Abstract>
  </Token>
  <Token>
    <TokenIdentifier>
      <Name>parentProcessName</Name>
      <APILanguage>occ</APILanguage>
      <Type>instp</Type>
      <Scope>PLCrashReportProcessInfo</Scope>
    </TokenIdentifier>
    <Path>interface_p_l_crash_report_process_info.html</Path>
    <Anchor>a8ec5523958f7ae76d6525284cdd28c76</Anchor>
    <Abstract>The parent process name. </Abstract>
  </Token>
  <Token>
    <TokenIdentifier>
      <Name>parentProcessID</Name>
      <APILanguage>occ</APILanguage>
      <Type>instp</Type>
      <Scope>PLCrashReportProcessInfo</Scope>
    </TokenIdentifier>
    <Path>interface_p_l_crash_report_process_info.html</Path>
    <Anchor>aa2377325111e94c6a93681321c124795</Anchor>
    <Abstract>The parent process ID. </Abstract>
  </Token>
  <Token>
    <TokenIdentifier>
      <Name>native</Name>
      <APILanguage>occ</APILanguage>
      <Type>instp</Type>
      <Scope>PLCrashReportProcessInfo</Scope>
    </TokenIdentifier>
    <Path>interface_p_l_crash_report_process_info.html</Path>
    <Anchor>a877d250f2267e05de9af502c4cd54816</Anchor>
    <Abstract>The process&amp;#39; native execution status. </Abstract>
  </Token>
  <Token>
    <TokenIdentifier>
      <Name>PLCrashReportProcessorInfo</Name>
      <APILanguage>c</APILanguage>
      <Type>cl</Type>
      <Scope>PLCrashReportProcessorInfo</Scope>
    </TokenIdentifier>
    <Path>interface_p_l_crash_report_processor_info.html</Path>
    <Abstract>Crash log processor record. </Abstract>
  </Token>
  <Token>
    <TokenIdentifier>
      <Name>initWithTypeEncoding:type:subtype:</Name>
      <APILanguage>occ</APILanguage>
      <Type>instm</Type>
      <Scope>PLCrashReportProcessorInfo</Scope>
    </TokenIdentifier>
    <Path>interface_p_l_crash_report_processor_info.html</Path>
    <Anchor>a8336c87b8bbe23592d245c7788e5fc28</Anchor>
    <Abstract>Initialize the processor info data object. </Abstract>
    <DeclaredIn>PLCrashReportProcessorInfo.h</DeclaredIn>
  </Token>
  <Token>
    <TokenIdentifier>
      <Name>typeEncoding</Name>
      <APILanguage>occ</APILanguage>
      <Type>instp</Type>
      <Scope>PLCrashReportProcessorInfo</Scope>
    </TokenIdentifier>
    <Path>interface_p_l_crash_report_processor_info.html</Path>
    <Anchor>abfde26416187f27349f38f43d73765d7</Anchor>
    <Abstract>The CPU type encoding. </Abstract>
  </Token>
  <Token>
    <TokenIdentifier>
      <Name>type</Name>
      <APILanguage>occ</APILanguage>
      <Type>instp</Type>
      <Scope>PLCrashReportProcessorInfo</Scope>
    </TokenIdentifier>
    <Path>interface_p_l_crash_report_processor_info.html</Path>
    <Anchor>a68051a7d78c5a21ac6b741036499f399</Anchor>
    <Abstract>The CPU type. </Abstract>
  </Token>
  <Token>
    <TokenIdentifier>
      <Name>subtype</Name>
      <APILanguage>occ</APILanguage>
      <Type>instp</Type>
      <Scope>PLCrashReportProcessorInfo</Scope>
    </TokenIdentifier>
    <Path>interface_p_l_crash_report_processor_info.html</Path>
    <Anchor>ac477dab4ad553e9a76fb3bfa8d0bf821</Anchor>
    <Abstract>The CPU subtype. </Abstract>
  </Token>
  <Token>
    <TokenIdentifier>
      <Name>PLCrashReportRegisterInfo</Name>
      <APILanguage>c</APILanguage>
      <Type>cl</Type>
      <Scope>PLCrashReportRegisterInfo</Scope>
    </TokenIdentifier>
    <Path>interface_p_l_crash_report_register_info.html</Path>
    <Abstract>Crash log general purpose register information. </Abstract>
  </Token>
  <Token>
    <TokenIdentifier>
      <Name>initWithRegisterName:registerValue:</Name>
      <APILanguage>occ</APILanguage>
      <Type>instm</Type>
      <Scope>PLCrashReportRegisterInfo</Scope>
    </TokenIdentifier>
    <Path>interface_p_l_crash_report_register_info.html</Path>
    <Anchor>a92a145a09a7ed1ff084eecdc9f18fa79</Anchor>
    <Abstract>Initialize with the provided name and value. </Abstract>
    <DeclaredIn>PLCrashReportRegisterInfo.h</DeclaredIn>
  </Token>
  <Token>
    <TokenIdentifier>
      <Name>registerName</Name>
      <APILanguage>occ</APILanguage>
      <Type>instp</Type>
      <Scope>PLCrashReportRegisterInfo</Scope>
    </TokenIdentifier>
    <Path>interface_p_l_crash_report_register_info.html</Path>
    <Anchor>a783292db3f739aea01fc8212592a3997</Anchor>
    <Abstract>Register name. </Abstract>
  </Token>
  <Token>
    <TokenIdentifier>
      <Name>registerValue</Name>
      <APILanguage>occ</APILanguage>
      <Type>instp</Type>
      <Scope>PLCrashReportRegisterInfo</Scope>
    </TokenIdentifier>
    <Path>interface_p_l_crash_report_register_info.html</Path>
    <Anchor>a817a4a58897132ccbae63b25917c8a5e</Anchor>
    <Abstract>Register value. </Abstract>
  </Token>
  <Token>
    <TokenIdentifier>
      <Name>PLCrashReportSignalInfo</Name>
      <APILanguage>c</APILanguage>
      <Type>cl</Type>
      <Scope>PLCrashReportSignalInfo</Scope>
    </TokenIdentifier>
    <Path>interface_p_l_crash_report_signal_info.html</Path>
    <Abstract>Provides access to the signal name and signal code. </Abstract>
  </Token>
  <Token>
    <TokenIdentifier>
      <Name>initWithSignalName:code:address:</Name>
      <APILanguage>occ</APILanguage>
      <Type>instm</Type>
      <Scope>PLCrashReportSignalInfo</Scope>
    </TokenIdentifier>
    <Path>interface_p_l_crash_report_signal_info.html</Path>
    <Anchor>a73e7b6bf0c63a3ee02a111babbb12ccc</Anchor>
    <Abstract>Initialize with the given signal name and reason. </Abstract>
    <DeclaredIn>PLCrashReportSignalInfo.h</DeclaredIn>
  </Token>
  <Token>
    <TokenIdentifier>
      <Name>name</Name>
      <APILanguage>occ</APILanguage>
      <Type>instp</Type>
      <Scope>PLCrashReportSignalInfo</Scope>
    </TokenIdentifier>
    <Path>interface_p_l_crash_report_signal_info.html</Path>
    <Anchor>a6da85ac70305103d3ebdabef116d0a6d</Anchor>
    <Abstract>The signal name. </Abstract>
  </Token>
  <Token>
    <TokenIdentifier>
      <Name>code</Name>
      <APILanguage>occ</APILanguage>
      <Type>instp</Type>
      <Scope>PLCrashReportSignalInfo</Scope>
    </TokenIdentifier>
    <Path>interface_p_l_crash_report_signal_info.html</Path>
    <Anchor>a31380708868904ea6834517c4d07cb96</Anchor>
    <Abstract>The signal code. </Abstract>
  </Token>
  <Token>
    <TokenIdentifier>
      <Name>address</Name>
      <APILanguage>occ</APILanguage>
      <Type>instp</Type>
      <Scope>PLCrashReportSignalInfo</Scope>
    </TokenIdentifier>
    <Path>interface_p_l_crash_report_signal_info.html</Path>
    <Anchor>add6e61bf4d150b59df06cd8f6b309c52</Anchor>
    <Abstract>The faulting instruction or address. </Abstract>
  </Token>
  <Token>
    <TokenIdentifier>
      <Name>PLCrashReportStackFrameInfo</Name>
      <APILanguage>c</APILanguage>
      <Type>cl</Type>
      <Scope>PLCrashReportStackFrameInfo</Scope>
    </TokenIdentifier>
    <Path>interface_p_l_crash_report_stack_frame_info.html</Path>
    <Abstract>Crash log stack frame information. </Abstract>
  </Token>
  <Token>
    <TokenIdentifier>
      <Name>initWithInstructionPointer:symbolInfo:</Name>
      <APILanguage>occ</APILanguage>
      <Type>instm</Type>
      <Scope>PLCrashReportStackFrameInfo</Scope>
    </TokenIdentifier>
    <Path>interface_p_l_crash_report_stack_frame_info.html</Path>
    <Anchor>a9b121a7aaf8bca4506548407e213e0de</Anchor>
    <Abstract>Initialize with the provided frame info. </Abstract>
    <DeclaredIn>PLCrashReportStackFrameInfo.h</DeclaredIn>
  </Token>
  <Token>
    <TokenIdentifier>
      <Name>instructionPointer</Name>
      <APILanguage>occ</APILanguage>
      <Type>instp</Type>
      <Scope>PLCrashReportStackFrameInfo</Scope>
    </TokenIdentifier>
    <Path>interface_p_l_crash_report_stack_frame_info.html</Path>
    <Anchor>a035a48de7a82f6c8d95b4362ed78f931</Anchor>
    <Abstract>Frame&amp;#39;s instruction pointer. </Abstract>
  </Token>
  <Token>
    <TokenIdentifier>
      <Name>symbolInfo</Name>
      <APILanguage>occ</APILanguage>
      <Type>instp</Type>
      <Scope>PLCrashReportStackFrameInfo</Scope>
    </TokenIdentifier>
    <Path>interface_p_l_crash_report_stack_frame_info.html</Path>
    <Anchor>a91994c85299439029681f400d474cfa7</Anchor>
    <Abstract>Symbol information for this frame. </Abstract>
  </Token>
  <Token>
    <TokenIdentifier>
      <Name>PLCrashReportSymbolInfo</Name>
      <APILanguage>c</APILanguage>
      <Type>cl</Type>
      <Scope>PLCrashReportSymbolInfo</Scope>
    </TokenIdentifier>
    <Path>interface_p_l_crash_report_symbol_info.html</Path>
    <Abstract>Crash log symbol information. </Abstract>
  </Token>
  <Token>
    <TokenIdentifier>
      <Name>initWithSymbolName:startAddress:endAddress:</Name>
      <APILanguage>occ</APILanguage>
      <Type>instm</Type>
      <Scope>PLCrashReportSymbolInfo</Scope>
    </TokenIdentifier>
    <Path>interface_p_l_crash_report_symbol_info.html</Path>
    <Anchor>a0c0b3d72aac8f05b5bed80e4c6c13d2e</Anchor>
    <Abstract>Initialize with the provided symbol info. </Abstract>
    <DeclaredIn>PLCrashReportSymbolInfo.h</DeclaredIn>
  </Token>
  <Token>
    <TokenIdentifier>
      <Name>symbolName</Name>
      <APILanguage>occ</APILanguage>
      <Type>instp</Type>
      <Scope>PLCrashReportSymbolInfo</Scope>
    </TokenIdentifier>
    <Path>interface_p_l_crash_report_symbol_info.html</Path>
    <Anchor>a5e91a3e1a9ff1eac00fab79489e626ed</Anchor>
    <Abstract>The symbol name. </Abstract>
  </Token>
  <Token>
    <TokenIdentifier>
      <Name>startAddress</Name>
      <APILanguage>occ</APILanguage>
      <Type>instp</Type>
      <Scope>PLCrashReportSymbolInfo</Scope>
    </TokenIdentifier>
    <Path>interface_p_l_crash_report_symbol_info.html</Path>
    <Anchor>a55b5edb2a8f1d83eafcdc931b3245723</Anchor>
    <Abstract>The symbol start address. </Abstract>
  </Token>
  <Token>
    <TokenIdentifier>
      <Name>PLCrashReportSystemInfo</Name>
      <APILanguage>c</APILanguage>
      <Type>cl</Type>
      <Scope>PLCrashReportSystemInfo</Scope>
    </TokenIdentifier>
    <Path>interface_p_l_crash_report_system_info.html</Path>
    <Abstract>Crash log host data. </Abstract>
  </Token>
  <Token>
    <TokenIdentifier>
      <Name>initWithOperatingSystem:operatingSystemVersion:architecture:timestamp:</Name>
      <APILanguage>occ</APILanguage>
      <Type>instm</Type>
      <Scope>PLCrashReportSystemInfo</Scope>
    </TokenIdentifier>
    <Path>interface_p_l_crash_report_system_info.html</Path>
    <Anchor>aeb34fac73c117a15d21d780adbb6a026</Anchor>
    <Abstract>Initialize the system info data object. </Abstract>
    <DeclaredIn>PLCrashReportSystemInfo.h</DeclaredIn>
  </Token>
  <Token>
    <TokenIdentifier>
      <Name>initWithOperatingSystem:operatingSystemVersion:operatingSystemBuild:architecture:timestamp:</Name>
      <APILanguage>occ</APILanguage>
      <Type>instm</Type>
      <Scope>PLCrashReportSystemInfo</Scope>
    </TokenIdentifier>
    <Path>interface_p_l_crash_report_system_info.html</Path>
    <Anchor>afbcb5c05cce26c3526c1b25a35d16248</Anchor>
    <Abstract>Initialize the system info data object. </Abstract>
    <DeclaredIn>PLCrashReportSystemInfo.h</DeclaredIn>
  </Token>
  <Token>
    <TokenIdentifier>
      <Name>operatingSystem</Name>
      <APILanguage>occ</APILanguage>
      <Type>instp</Type>
      <Scope>PLCrashReportSystemInfo</Scope>
    </TokenIdentifier>
    <Path>interface_p_l_crash_report_system_info.html</Path>
    <Anchor>a24958eace879a17d7d5a93b05a14a171</Anchor>
    <Abstract>The operating system. </Abstract>
  </Token>
  <Token>
    <TokenIdentifier>
      <Name>operatingSystemVersion</Name>
      <APILanguage>occ</APILanguage>
      <Type>instp</Type>
      <Scope>PLCrashReportSystemInfo</Scope>
    </TokenIdentifier>
    <Path>interface_p_l_crash_report_system_info.html</Path>
    <Anchor>a9a8ec4ac6a6af31be2f0ac87a347f506</Anchor>
    <Abstract>The operating system&amp;#39;s release version. </Abstract>
  </Token>
  <Token>
    <TokenIdentifier>
      <Name>operatingSystemBuild</Name>
      <APILanguage>occ</APILanguage>
      <Type>instp</Type>
      <Scope>PLCrashReportSystemInfo</Scope>
    </TokenIdentifier>
    <Path>interface_p_l_crash_report_system_info.html</Path>
    <Anchor>a4094518ce039173e1ddfe45a9edf1bee</Anchor>
    <Abstract>The operating system&amp;#39;s build identifier (eg, 10J869). </Abstract>
  </Token>
  <Token>
    <TokenIdentifier>
      <Name>architecture</Name>
      <APILanguage>occ</APILanguage>
      <Type>instp</Type>
      <Scope>PLCrashReportSystemInfo</Scope>
    </TokenIdentifier>
    <Path>interface_p_l_crash_report_system_info.html</Path>
    <Anchor>a39a68a969d87e8bece8e80972c1d2e69</Anchor>
    <Abstract>Architecture. </Abstract>
  </Token>
  <Token>
    <TokenIdentifier>
      <Name>timestamp</Name>
      <APILanguage>occ</APILanguage>
      <Type>instp</Type>
      <Scope>PLCrashReportSystemInfo</Scope>
    </TokenIdentifier>
    <Path>interface_p_l_crash_report_system_info.html</Path>
    <Anchor>a18bdd6b0398862b94299e3e40cdcf8be</Anchor>
    <Abstract>Date and time that the crash report was generated. </Abstract>
  </Token>
  <Token>
    <TokenIdentifier>
      <Name>PLCrashReportTextFormatter</Name>
      <APILanguage>c</APILanguage>
      <Type>cl</Type>
      <Scope>PLCrashReportTextFormatter</Scope>
    </TokenIdentifier>
    <Path>interface_p_l_crash_report_text_formatter.html</Path>
    <Abstract>Formats PLCrashReport data as human-readable text. </Abstract>
  </Token>
  <Token>
    <TokenIdentifier>
      <Name>initWithTextFormat:stringEncoding:</Name>
      <APILanguage>occ</APILanguage>
      <Type>instm</Type>
      <Scope>PLCrashReportTextFormatter</Scope>
    </TokenIdentifier>
    <Path>interface_p_l_crash_report_text_formatter.html</Path>
    <Anchor>aee6a0114d7bd4be177c70e081190c58b</Anchor>
    <Abstract>Initialize with the request string encoding and output format. </Abstract>
    <DeclaredIn>PLCrashReportTextFormatter.h</DeclaredIn>
  </Token>
  <Token>
    <TokenIdentifier>
      <Name>formatReport:error:</Name>
      <APILanguage>occ</APILanguage>
      <Type>intfm</Type>
      <Scope>PLCrashReportFormatter-p</Scope>
    </TokenIdentifier>
    <Path>protocol_p_l_crash_report_formatter-p.html</Path>
    <Anchor>a73beadf447bcfcb5c7eac6de623941cd</Anchor>
    <Abstract>Format the provided report. </Abstract>
    <DeclaredIn>PLCrashReportFormatter.h</DeclaredIn>
  </Token>
  <Token>
    <TokenIdentifier>
      <Name>stringValueForCrashReport:withTextFormat:</Name>
      <APILanguage>occ</APILanguage>
      <Type>clm</Type>
      <Scope>PLCrashReportTextFormatter</Scope>
    </TokenIdentifier>
    <Path>interface_p_l_crash_report_text_formatter.html</Path>
    <Anchor>a05184b7b0b384154b0af95793d947f3e</Anchor>
    <Abstract>Formats the provided report as human-readable text in the given textFormat, and return the formatted ...</Abstract>
    <DeclaredIn>PLCrashReportTextFormatter.h</DeclaredIn>
  </Token>
  <Token>
    <TokenIdentifier>
      <Name>PLCrashReportThreadInfo</Name>
      <APILanguage>c</APILanguage>
      <Type>cl</Type>
      <Scope>PLCrashReportThreadInfo</Scope>
    </TokenIdentifier>
    <Path>interface_p_l_crash_report_thread_info.html</Path>
    <Abstract>Crash log per-thread state information. </Abstract>
  </Token>
  <Token>
    <TokenIdentifier>
      <Name>initWithThreadNumber:stackFrames:crashed:registers:</Name>
      <APILanguage>occ</APILanguage>
      <Type>instm</Type>
      <Scope>PLCrashReportThreadInfo</Scope>
    </TokenIdentifier>
    <Path>interface_p_l_crash_report_thread_info.html</Path>
    <Anchor>a78f574de473d863cdebcfb2ceb5b2549</Anchor>
    <Abstract>Initialize the crash log thread information. </Abstract>
    <DeclaredIn>PLCrashReportThreadInfo.h</DeclaredIn>
  </Token>
  <Token>
    <TokenIdentifier>
      <Name>threadNumber</Name>
      <APILanguage>occ</APILanguage>
      <Type>instp</Type>
      <Scope>PLCrashReportThreadInfo</Scope>
    </TokenIdentifier>
    <Path>interface_p_l_crash_report_thread_info.html</Path>
    <Anchor>a95aed0ac16b181eb4d38c8371ee596f8</Anchor>
    <Abstract>Application thread number. </Abstract>
  </Token>
  <Token>
    <TokenIdentifier>
      <Name>stackFrames</Name>
      <APILanguage>occ</APILanguage>
      <Type>instp</Type>
      <Scope>PLCrashReportThreadInfo</Scope>
    </TokenIdentifier>
    <Path>interface_p_l_crash_report_thread_info.html</Path>
    <Anchor>a8214725dfe02fc2fbfe932b5b6f27cbd</Anchor>
    <Abstract>Thread backtrace. </Abstract>
  </Token>
  <Token>
    <TokenIdentifier>
      <Name>crashed</Name>
      <APILanguage>occ</APILanguage>
      <Type>instp</Type>
      <Scope>PLCrashReportThreadInfo</Scope>
    </TokenIdentifier>
    <Path>interface_p_l_crash_report_thread_info.html</Path>
    <Anchor>a6af1bd776def3a1ffceda442d7555ab7</Anchor>
    <Abstract>If this thread crashed, set to YES. </Abstract>
  </Token>
  <Token>
    <TokenIdentifier>
      <Name>registers</Name>
      <APILanguage>occ</APILanguage>
      <Type>instp</Type>
      <Scope>PLCrashReportThreadInfo</Scope>
    </TokenIdentifier>
    <Path>interface_p_l_crash_report_thread_info.html</Path>
    <Anchor>ab9d539b980f52b0e0317e03c68603df4</Anchor>
    <Abstract>State of the general purpose and related registers, as a list of PLCrashReportRegister instances...</Abstract>
  </Token>
  <Token>
    <TokenIdentifier>
      <Name>plcrash::async::async_list::node</Name>
      <APILanguage>c</APILanguage>
      <Type>cl</Type>
      <Scope>plcrash::async::async_list::node</Scope>
    </TokenIdentifier>
    <Path>classplcrash_1_1async_1_1async__list_1_1node.html</Path>
    <Abstract>Async-safe image list element. </Abstract>
    <DeclaredIn>PLCrashAsyncLinkedList.hpp</DeclaredIn>
  </Token>
  <Token>
    <TokenIdentifier>
      <Name>value</Name>
      <APILanguage>cpp</APILanguage>
      <Type>instm</Type>
      <Scope>plcrash::async::async_list::node</Scope>
    </TokenIdentifier>
    <Path>classplcrash_1_1async_1_1async__list_1_1node.html</Path>
    <Anchor>a95ad83d4770ef7bbc1823212f38a4cb3</Anchor>
    <Abstract>Return the list item value. </Abstract>
    <DeclaredIn>PLCrashAsyncLinkedList.hpp</DeclaredIn>
  </Token>
</Tokens>
